District,Zn,Fe,Cu,Mn,B,S,N,P,K,ph,EC,S,Cu,Fe,Mn,Zn,B,label
Anantapur,67.67,65.14,91.88,77.7,73.54,85.9,110,24,104,6.8,0.12,0.22,26.3,124.34,1170.18,24.98,13.04,mulberry
Chittoor,80.51,78.19,99.77,91.82,89.04,88.62,144,85,190,7.0,0.65,0.24,17.03,174.27,53.8,43.84,66.57,mango
East Godavari,79.27,88.14,95.54,97.24,88.05,95.67,151,68,145,5.6,2.08,0.09067,24.0,41.0,223.61,43.53,13.72,potato
Guntur,58.3,71.16,98.86,91.4,86.15,86.81,132,87,195,4.5,0.94,0.31,18.19,72.44,88.09,44.92,74.56,mango
Krishna,78.62,82.02,98.05,95.23,65.78,98.56,133,20,75,6.1,0.74,0.207,18.15,152.96,1354.43,26.35,12.93,mulberry
Kurnool,60.7,48.45,97.47,91.34,92.75,96.05,128,89,191,7.0,0.87,0.22,9.42,119.39,80.24,41.18,54.29,mango
Prakasam,40.66,59.14,94.65,82.17,73.99,69.54,167,15,205,6.7,0.38,0.25,18.59,109.46,49.94,50.26,37.5,pomegranate
Nellore,39.58,55.37,80.72,79.83,77.23,87.61,145,73,181,6.4,0.81,0.17,8.78,196.66,54.72,37.8,52.55,mango
Srikakulam,81.05,75.77,98.85,91.31,96.76,94.45,167,24,171,7.0,0.23,0.23,16.91,89.45,55.35,45.29,48.11,pomegranate
Visakhapatanam,58.7,64.93,96.44,78.35,85.4,88.29,105,72,164,4.9,1.0,0.15,15.34,148.32,59.16,25.77,55.5,mango
Vizianagaram,61.6,93.71,95.22,98.34,79.43,87.59,130,11,200,6.0,0.71,0.19,19.34,115.24,43.76,46.77,24.31,pomegranate
West Godavari,67.36,87.69,96.54,96.76,87.74,88.24,164,96,242,6.2,0.78,0.017,18.33,76.05,55.59,18.42,6.88,ragi
Y.S.R.,68.61,67.42,92.82,92.72,71.8,86.46,73,34,194,6.2,1.89,89.2,0.29,4.1,117.21,23.34,13.45,mulberry
Nicobars,71.52,98.79,93.03,99.7,100.0,0.3,81,87,128,6.4,1.17,0.25,16.92,188.97,53.49,34.25,62.58,mango
North And Middle Andaman,93.36,100.0,83.19,100.0,90.78,0.23,175,74,263,7.6,1.64,0.0187,12.14,209.05,63.51,24.58,5.76,ragi
South Andamans,80.0,99.59,81.28,98.68,99.34,0.5,161,20,99,6.5,0.74,0.264,24.67,271.79,1567.22,23.35,27.97,mulberry
Anjaw,65.1,99.89,81.62,91.86,,71.25,138,20,97,6.3,0.22,0.299,26.6,148.39,942.57,26.14,22.27,mulberry
Changlang,0.0,100.0,66.67,100.0,,100.0,68,69,175,5.0,2.28,0.10744,19.0,41.2,238.49,45.59,12.14,potato
Dibang Valley,57.72,99.45,92.05,94.33,0.0,90.59,176,51,184,6.1,0.13,0.15,18.4,71.79,44.18,55.0,31.36,pomegranate
East Kameng,67.76,99.8,71.78,45.95,,7.96,164,16,61,6.1,0.62,0.239,25.75,139.58,245.67,28.69,16.19,mulberry
East Siang,35.68,100.0,80.54,51.63,,99.46,143,21,218,6.4,0.17,0.16,10.56,113.57,51.07,25.58,23.23,pomegranate
Kra Daadi,44.44,88.89,25.0,100.0,33.33,66.67,139,27,197,5.5,2.07,0.1138,20.0,38.0,92.85,23.12,10.85,potato
Kurung Kumey,76.94,100.0,82.11,93.97,0.0,21.77,153,79,201,5.6,0.35,0.25,12.1,103.03,47.11,52.56,16.59,pomegranate
Lohit,67.3,98.07,86.61,87.35,100.0,39.16,113,32,62,5.8,0.14,0.156,9.51,73.86,126.93,46.06,26.58,grapes
Lower Dibang Valley,48.09,99.49,91.15,75.37,,69.45,140,63,201,6.8,0.91,0.23,19.94,63.87,69.02,46.39,44.53,pomegranate
Lower Subansiri,50.0,100.0,50.0,100.0,0.0,0.0,170,57,203,6.6,0.95,0.29,10.64,108.13,69.0,50.66,43.61,pomegranate
NAMSAI,100.0,100.0,100.0,90.91,,100.0,151,89,320,6.3,0.62,0.0236,22.83,86.6,57.77,18.28,2.0,ragi
Papum Pare,63.77,91.62,84.68,50.74,0.0,15.61,122,86,167,6.4,0.71,0.32,9.86,99.1,68.08,47.83,60.31,mango
Tawang,100.0,100.0,100.0,100.0,0.0,100.0,116,69,349,6.6,0.78,0.0233,16.65,112.99,55.5,23.03,4.89,ragi
Tirap,84.0,100.0,90.67,65.88,,100.0,114,53,64,5.8,0.13,0.153,13.5,108.36,66.57,31.38,47.14,grapes
Upper Siang,45.23,99.84,91.82,66.12,100.0,96.44,137,67,345,7.0,0.7,0.0186,23.45,212.75,68.63,27.84,1.85,ragi
Upper Subansiri,41.8,100.0,60.58,53.48,,0.26,128,73,123,4.7,1.42,0.35,10.33,56.62,72.65,34.1,56.43,mango
West Kameng,93.44,100.0,80.33,91.26,,1.64,132,11,196,5.7,0.87,0.19,19.53,78.11,56.31,54.22,11.07,pomegranate
West Siang,43.52,97.98,89.57,76.11,,69.94,151,18,107,6.7,0.71,0.291,20.54,160.58,762.24,21.75,26.1,mulberry
Baksa,65.1,98.14,99.63,90.41,2.99,88.56,153,78,188,5.6,0.09,0.26,18.72,117.45,53.95,67.84,42.67,pomegranate
Barpeta,89.47,97.73,99.66,95.84,29.56,85.47,158,66,219,6.8,0.34,0.2,15.29,65.87,51.81,57.12,27.59,pomegranate
Biswanath,93.58,99.98,99.55,99.47,0.92,98.41,95,87,141,4.8,0.88,0.27,18.63,71.11,64.77,20.86,58.64,mango
Bongaigaon,99.79,99.53,99.96,87.64,0.92,99.63,171,53,90,5.7,2.06,0.10464,17.0,38.6,227.4,43.41,22.2,potato
Cachar,89.85,99.55,99.98,99.59,0.06,99.59,149,76,137,5.4,0.53,0.31,10.38,199.66,75.32,30.91,70.86,mango
Charaideo,99.9,99.95,98.94,90.71,3.42,98.22,145,88,136,6.3,1.46,0.31,15.76,100.48,88.57,45.59,64.45,mango
Chirang,99.96,99.91,100.0,93.21,1.65,99.78,131,38,121,5.4,2.47,0.106,16.0,40.4,117.18,39.27,12.85,potato
Darrang,85.73,99.41,99.24,98.64,7.77,96.98,87,17,198,5.2,1.92,0.08745,29.0,38.8,85.32,33.52,14.27,potato
Dhemaji,99.7,99.49,99.94,87.86,3.99,98.04,142,27,57,6.2,0.8,0.223,23.32,117.1,678.21,21.32,11.31,grapes
Dhubri,98.36,99.98,99.98,99.17,0.06,99.86,148,77,265,6.3,1.74,0.0206,18.0,98.1,60.79,21.41,4.2,ragi
Dibrugarh,97.05,98.14,99.88,90.46,4.51,99.04,150,62,176,6.1,0.84,0.21,16.41,87.05,53.95,34.8,34.93,pomegranate
Dima Hasao,100.0,100.0,100.0,100.0,0.0,100.0,157,10,105,6.3,0.19,0.213,29.23,257.79,1013.28,27.05,20.18,mulberry
Goalpara,71.28,99.6,99.97,99.68,1.41,96.49,134,38,84,6.4,0.2,0.187,15.31,142.59,85.77,43.85,45.08,grapes
Golaghat,97.42,99.91,99.98,99.77,0.48,99.52,161,94,256,7.9,1.18,0.012,12.91,177.02,63.97,24.31,3.0,ragi
Hailakandi,97.0,99.99,100.0,99.91,0.0,99.99,165,72,310,6.8,1.17,0.0191,16.08,220.73,59.09,23.87,3.76,ragi
HOJAI,98.32,84.0,56.33,97.57,61.09,97.49,131,24,121,4.9,2.24,0.08775,22.0,40.0,94.34,24.93,23.74,potato
Jorhat,97.6,99.96,99.99,99.38,1.97,99.22,145,80,181,6.1,0.09,0.21,11.79,119.03,53.9,28.24,23.97,pomegranate
Kamrup,64.95,99.04,99.56,83.13,0.32,99.74,135,51,195,6.9,0.9,0.16,9.21,118.35,67.13,47.73,42.37,pomegranate
Kamrup Metro,99.88,99.97,100.0,99.94,0.15,99.94,158,13,84,6.1,0.45,0.254,24.87,267.58,729.6,29.93,13.99,mulberry
Karbi Anglong,96.0,99.57,99.86,99.62,3.86,93.62,140,38,209,7.1,0.31,0.18,12.11,72.29,51.01,55.48,38.58,pomegranate
Karimganj,98.64,99.78,99.95,99.24,0.08,99.88,146,43,195,6.7,0.12,0.24,10.2,105.36,66.53,21.74,35.32,pomegranate
Kokrajhar,98.82,99.79,99.97,92.38,0.89,98.5,112,88,148,6.2,1.48,0.25,14.38,63.05,81.71,45.0,66.52,mango
Lakhimpur,94.14,97.49,97.61,89.17,7.87,88.81,129,65,320,6.9,0.78,0.0148,22.2,223.94,59.87,22.28,6.98,ragi
Majuli,52.57,99.89,100.0,93.19,0.17,98.34,79,19,131,5.4,2.44,0.08059,25.0,41.8,67.52,38.84,20.35,potato
Marigaon,88.15,99.68,99.1,96.26,0.39,96.56,137,36,187,6.5,0.27,0.19,14.19,103.63,55.62,62.27,22.35,pomegranate
Nagaon,99.68,99.69,98.98,88.74,4.43,99.8,171,21,250,4.9,2.09,0.08734,22.0,41.5,62.28,32.98,12.31,potato
Nalbari,90.4,99.98,100.0,99.91,0.23,99.88,196,62,355,6.1,1.67,0.0138,21.04,74.52,58.99,21.86,2.9,ragi
Sivasagar,98.84,99.52,99.94,90.47,1.91,98.39,143,27,90,6.3,0.42,0.235,20.53,135.28,1330.33,20.69,20.24,mulberry
Sonitpur,99.85,99.9,99.97,95.47,0.08,99.92,146,28,56,6.4,0.79,0.221,22.39,116.13,677.57,21.35,11.33,mulberry
SOUTH SALMARA MANCACHAR,98.55,99.96,100.0,99.71,0.04,99.96,164,60,145,5.4,1.95,0.11762,13.0,41.0,88.58,37.67,13.35,potato
Tinsukia,99.93,99.9,99.97,89.28,0.77,99.9,97,84,183,4.6,1.4,0.26,8.42,173.88,92.04,31.31,51.5,mango
Udalguri,85.04,99.95,99.88,99.12,2.42,98.74,103,30,85,6.5,0.2,0.187,19.5,118.77,59.39,37.03,43.38,grapes
Araria,87.7,89.78,90.04,89.83,0.02,35.91,178,32,182,6.3,0.11,0.27,8.07,61.9,26.59,45.86,15.67,pomegranate
Arwal,69.61,77.58,78.21,77.69,0.12,3.92,104,23,193,5.8,1.16,0.23,15.78,60.23,85.25,33.45,67.88,pomegranate
Aurangabad,98.48,98.59,99.0,98.54,0.43,0.37,148,34,98,6.3,0.19,0.13,19.68,145.22,120.58,32.43,44.26,grapes
Banka,0.09,0.12,0.12,0.09,0.15,0.03,179,61,309,5.9,1.24,0.0142,15.23,122.88,69.81,28.33,9.37,ragi
Begusarai,86.9,86.13,87.39,87.07,0.03,23.12,114,11,70,6.2,0.54,0.249,33.32,130.21,461.73,28.37,20.66,mulberry
Bhagalpur,0.15,0.0,0.17,0.16,0.16,0.16,115,42,171,5.0,1.94,0.09436,26.0,39.1,276.27,34.35,20.15,potato
Bhojpur,95.72,93.84,99.26,97.19,1.79,2.25,161,47,61,6.5,0.2,0.149,12.82,123.14,96.12,49.67,47.79,grapes
Buxar,0.0,0.04,0.07,0.07,0.07,0.07,175,47,60,6.3,0.18,0.145,7.29,115.34,87.72,42.14,30.5,grapes
Darbhanga,96.83,97.1,98.13,95.52,2.8,19.4,157,48,96,5.6,0.17,0.077,16.42,50.11,49.38,37.58,44.25,grapes
Gaya,99.71,99.51,99.75,99.65,2.28,2.86,174,58,72,5.5,0.2,0.19,10.08,142.65,92.32,44.04,43.55,grapes
Gopalganj,58.95,94.74,100.0,96.84,64.21,84.21,141,42,76,6.3,0.15,0.127,18.6,135.09,145.14,47.87,47.91,grapes
Jamui,95.22,88.07,99.28,98.27,0.85,0.21,126,46,66,6.2,0.13,0.167,24.95,145.21,133.91,37.79,37.29,grapes
Jehanabad,91.22,97.13,99.18,96.17,2.68,0.03,100,22,155,4.9,1.43,0.10545,13.0,41.2,102.42,34.35,11.03,potato
Kaimur (Bhabua),50.0,50.0,100.0,100.0,0.0,50.0,103,61,66,5.6,0.17,0.135,5.6,92.74,40.6,33.96,39.59,grapes
Katihar,94.15,92.85,94.45,94.0,0.3,5.18,162,29,60,6.4,0.53,0.265,28.61,163.46,1420.72,28.82,13.65,mulberry
Khagaria,34.38,32.81,96.88,35.09,91.07,39.29,116,88,193,6.8,1.16,0.15,19.09,160.72,50.75,30.52,73.35,mango
Kishanganj,69.11,99.59,95.93,83.27,54.07,11.79,151,57,106,5.6,1.85,0.10733,13.0,40.2,248.2,25.99,16.95,potato
Lakhisarai,3.04,4.22,6.39,6.94,3.12,7.04,151,33,220,6.7,0.14,0.19,12.44,103.93,26.86,52.42,31.56,pomegranate
Madhepura,26.42,53.34,55.18,53.72,0.12,8.44,116,85,139,6.5,0.88,0.26,10.96,142.87,65.39,30.32,51.12,mango
Madhubani,96.86,92.36,98.37,94.68,7.96,14.22,122,30,97,6.7,0.53,0.292,29.65,246.57,751.3,21.95,23.24,mulberry
Munger,6.43,5.85,6.45,6.43,0.03,0.03,165,26,79,6.6,0.81,0.262,19.52,110.36,1468.03,21.24,23.11,mulberry
Muzaffarpur,83.3,95.18,99.34,92.08,0.15,0.21,130,27,83,6.0,0.83,0.25,19.16,185.26,833.84,23.73,26.74,mulberry
Nalanda,17.52,23.06,31.45,18.84,6.11,24.58,153,26,73,6.2,0.29,0.212,26.65,112.01,1497.15,22.52,11.5,mulberry
Nawada,97.25,98.45,99.66,99.38,0.41,0.52,127,31,84,6.3,0.16,0.105,6.35,104.14,68.28,34.08,31.06,grapes
Pashchim Champaran,66.0,80.76,81.41,72.56,0.37,0.16,194,66,326,6.9,1.09,0.019,19.44,156.28,61.62,20.29,8.94,ragi
Patna,83.1,87.06,94.84,85.05,4.08,5.63,140,88,156,5.7,0.83,0.27,10.6,69.37,60.93,41.08,68.99,mango
Purbi Champaran,7.11,8.13,8.91,7.72,0.54,6.46,81,76,136,4.8,1.44,0.22,8.18,134.97,73.02,31.52,74.15,mango
Purnia,35.58,97.87,98.07,83.59,0.84,0.63,122,40,88,5.5,0.21,0.037,13.58,118.4,54.08,32.59,30.08,grapes
Rohtas,1.05,2.19,2.34,2.2,1.86,1.62,101,35,93,6.2,0.17,0.055,20.46,73.8,129.76,33.22,36.06,grapes
Saharsa,0.13,0.32,0.34,0.28,0.18,5.96,112,51,82,6.5,0.14,0.026,11.12,103.8,78.74,32.85,35.88,grapes
Samastipur,3.67,4.28,4.34,4.26,2.23,24.84,144,36,77,6.3,0.16,0.176,14.29,109.33,50.24,49.12,34.73,grapes
Saran,93.31,94.77,98.84,99.71,74.13,94.19,135,87,242,7.3,1.65,0.0199,23.01,60.41,66.29,25.48,5.12,ragi
Sheikhpura,0.25,0.27,0.5,0.43,0.21,0.14,155,66,78,6.4,0.21,0.083,5.55,86.18,67.81,35.12,32.28,grapes
Sheohar,0.11,0.23,0.0,0.11,0.23,0.11,135,59,206,4.8,1.48,0.10182,27.0,41.6,73.6,43.84,13.42,potato
Sitamarhi,98.35,99.85,99.9,99.9,0.83,0.93,120,30,95,6.0,0.14,0.168,23.74,129.92,39.26,39.55,27.81,grapes
Siwan,34.69,53.06,97.96,63.83,57.14,91.84,124,13,106,6.5,0.65,0.278,26.85,273.06,301.1,21.46,27.27,mulberry
Supaul,53.92,49.26,98.28,61.1,67.89,88.48,163,41,186,5.6,0.58,0.23,10.99,69.61,59.56,26.76,31.23,pomegranate
Vaishali,0.11,0.12,0.3,0.17,0.18,0.27,118,74,165,6.6,0.63,0.34,13.95,132.96,81.76,41.04,71.78,mango
Balod,38.63,96.84,99.18,97.14,52.95,44.16,169,18,217,7.2,0.32,0.27,5.66,70.36,34.26,24.74,44.29,pomegranate
Baloda Bazar,31.23,78.04,99.61,96.29,49.84,89.06,150,15,229,4.6,1.64,0.09545,28.0,40.1,144.75,35.61,24.12,potato
Balrampur,88.95,98.74,99.88,97.88,82.22,96.2,177,81,323,5.9,0.78,0.019,18.34,56.25,60.94,25.16,3.82,ragi
Bastar,36.75,90.97,92.5,95.56,21.93,18.83,106,73,191,5.0,0.98,0.24,15.2,115.72,71.66,28.04,69.75,mango
Bemetara,93.23,91.06,99.9,98.57,62.25,36.95,171,51,87,6.3,0.22,0.139,18.52,57.31,32.46,36.56,40.68,grapes
Bijapur,97.25,96.47,98.79,90.82,88.09,94.71,135,65,150,5.3,1.81,0.08478,22.0,40.9,248.58,33.26,12.74,potato
Bilaspur,74.54,96.48,98.45,93.32,86.97,88.01,172,18,110,6.2,0.46,0.291,29.7,144.97,1031.92,24.07,13.73,mulberry
Dantewada,39.61,89.64,92.59,95.23,88.53,47.49,140,62,86,4.6,1.69,0.09467,23.0,41.4,234.18,34.52,13.19,potato
Dhamtari,64.33,98.73,99.75,99.32,69.54,26.57,113,53,333,5.7,1.31,0.0226,10.62,102.41,65.7,27.37,8.99,ragi
Durg,68.84,84.13,99.58,97.55,63.75,54.74,122,99,272,6.8,1.18,0.0196,20.97,97.65,60.21,23.04,3.64,ragi
Gariyaband,53.4,89.19,94.29,95.76,80.07,55.91,156,69,69,5.0,1.81,0.0823,23.0,39.9,225.83,48.66,11.87,potato
Janjgir-Champa,39.6,82.05,95.02,94.06,48.95,88.32,129,29,55,6.0,0.53,0.295,22.48,164.02,305.54,26.34,16.09,mulberry
Jashpur,31.08,64.91,93.67,91.81,74.86,39.35,155,13,95,6.6,0.36,0.254,25.2,108.79,1485.04,28.75,16.29,mulberry
KABIRDHAM,74.1,95.05,99.22,95.23,99.35,18.39,172,95,342,6.5,0.83,0.0142,16.01,205.77,60.21,20.01,4.36,grapes
Kanker,12.1,98.47,99.09,99.21,57.79,95.51,138,55,94,5.6,0.17,0.018,18.61,58.74,39.78,38.4,38.75,grapes
Kondagaon,32.36,80.06,59.83,85.38,39.43,88.4,165,17,102,6.4,0.78,0.208,29.62,193.41,984.36,26.02,20.57,mulberry
Korba,16.74,87.46,96.15,92.08,84.69,38.97,146,76,192,5.7,0.6,0.32,17.82,148.4,75.0,23.4,68.2,pomegranate
Korea,76.44,98.07,95.98,98.87,95.73,58.62,89,77,156,5.2,0.82,0.27,12.54,100.06,86.28,45.08,62.04,mango
Mahasamund,77.75,98.64,99.74,99.7,94.72,60.79,154,35,93,5.7,0.16,0.139,12.75,66.39,54.01,45.19,29.05,grapes
Mungeli,75.27,83.78,98.42,98.03,95.78,74.73,133,87,192,6.8,0.74,0.22,8.15,102.08,92.19,44.92,50.3,mango
Narayanpur,54.34,91.47,90.01,94.74,66.24,90.13,142,83,352,7.7,0.68,0.0179,13.18,149.81,66.01,26.53,7.1,ragi
Raigarh,67.77,99.22,98.38,98.72,97.08,35.89,171,34,201,7.1,1.0,0.26,12.11,66.56,39.54,67.53,47.21,pomegranate
Raipur,65.03,98.28,99.73,99.71,78.16,83.21,116,97,240,7.5,1.04,0.0182,15.71,56.74,67.48,21.43,5.05,ragi
Rajnandgaon,52.85,77.0,90.06,97.27,51.48,75.2,137,81,122,4.7,0.89,0.23,8.44,51.04,59.46,45.83,57.05,mango
Sukma,7.7,68.53,76.32,96.92,8.42,7.08,122,13,97,6.6,0.42,0.265,27.27,271.43,1448.32,24.93,26.38,mulberry
Surajpur,72.95,98.58,99.57,99.76,95.55,99.07,169,76,338,7.7,1.16,0.0145,11.76,246.66,58.84,23.33,7.57,ragi
Surguja,50.76,82.93,95.11,99.05,72.22,83.18,145,48,81,6.4,0.15,0.178,8.66,129.52,143.29,47.53,45.15,grapes
North Goa,65.2,99.51,100.0,94.79,29.02,57.75,81,19,58,5.2,1.96,0.117,27.0,41.5,56.85,29.2,20.13,potato
South Goa,85.02,99.66,97.98,98.98,45.9,20.9,104,63,76,5.6,0.13,0.196,16.26,132.54,63.94,36.44,33.4,grapes
Ahmadabad,72.52,82.68,95.38,94.01,40.49,86.34,163,51,198,6.6,0.62,0.22,5.54,78.87,30.25,41.57,30.42,pomegranate
Amreli,62.5,55.13,88.42,88.35,38.23,83.34,178,16,179,6.9,0.77,0.23,15.36,108.73,63.16,35.03,10.91,pomegranate
Anand,63.79,72.95,98.15,98.04,59.01,87.92,165,97,293,6.2,1.3,0.0207,13.22,225.61,66.57,19.23,5.83,ragi
Aravalli,74.36,78.64,97.76,98.59,67.0,72.19,114,15,97,6.6,0.42,0.261,33.85,256.3,601.33,25.47,21.57,mulberry
Banas Kantha,83.48,67.8,95.33,99.7,68.68,86.04,157,98,296,7.7,1.5,0.0236,13.12,220.13,64.37,23.75,8.25,ragi
Bharuch,62.44,81.53,93.67,99.64,63.43,71.56,151,68,358,6.4,1.09,0.0178,14.68,209.55,60.36,23.88,1.46,ragi
Bhavnagar,51.38,57.63,91.79,96.95,30.24,70.07,110,32,61,6.3,0.23,0.086,17.59,57.08,35.93,49.86,44.8,grapes
Botad,14.98,90.56,95.68,98.81,36.05,98.14,132,48,218,6.7,0.54,0.19,5.59,63.4,56.4,46.71,31.04,pomegranate
Chhotaudepur,78.63,94.98,96.66,99.27,72.01,78.75,116,67,61,5.6,0.16,0.112,15.7,91.5,147.28,37.93,29.82,grapes
Dahod,47.54,73.8,99.31,95.87,76.24,60.87,109,54,67,6.5,0.2,0.03,12.74,130.43,33.9,42.2,49.29,grapes
Dang,97.32,99.47,97.86,100.0,86.35,64.12,81,77,151,5.6,1.43,0.32,11.18,70.99,82.76,30.27,52.31,mango
Devbhumidwarka,80.37,94.15,97.22,95.82,39.38,93.75,120,33,100,5.8,0.22,0.131,11.6,144.3,124.53,47.92,47.65,grapes
Gandhinagar,91.68,93.95,98.05,99.86,94.66,61.0,102,32,67,5.8,1.56,113.2,0.18,3.81,184.11,37.86,11.32,mulberry
Girsomnath,38.62,89.98,80.32,80.85,26.04,91.23,129,30,88,6.2,0.31,0.236,19.5,106.23,533.07,27.44,18.01,mulberry
Jamnagar,70.47,90.2,98.82,93.64,40.45,85.63,154,65,88,6.1,0.15,0.065,13.21,79.73,45.97,32.44,45.9,grapes
Junagadh,30.26,61.46,77.23,74.79,2.1,99.58,91,78,159,6.4,1.36,0.15,16.29,130.77,57.57,44.17,68.17,mango
Kachchh,66.26,44.82,86.88,75.77,1.66,97.09,179,64,274,7.4,0.92,0.0116,14.93,190.83,63.32,28.39,1.02,ragi
Kheda,65.87,81.8,94.29,99.74,61.5,40.66,109,76,182,5.1,1.39,0.31,12.91,85.58,60.77,39.58,72.53,mango
Mahesana,95.36,62.78,99.04,99.54,24.49,98.45,88,59,250,5.8,1.91,0.11188,29.0,38.4,163.34,42.88,18.93,potato
Mahisagar,56.48,95.8,98.79,99.88,90.33,55.8,133,84,143,5.9,0.54,0.21,8.66,179.38,93.09,22.96,64.98,mango
Morbi,92.07,70.59,91.52,99.97,13.14,49.62,169,26,220,7.2,0.15,0.18,9.12,118.78,20.58,67.41,31.29,pomegranate
Narmada,66.12,93.77,99.72,99.75,88.52,85.75,152,81,315,6.8,1.13,0.024,22.66,206.6,61.76,25.88,9.47,ragi
Navsari,80.39,90.45,96.39,98.72,77.48,69.29,107,86,159,5.3,0.64,0.17,9.11,97.91,50.78,21.14,58.37,mango
Panch Mahals,45.49,81.67,84.29,99.76,78.73,19.63,116,90,247,7.5,1.78,0.0124,16.91,127.65,68.7,24.56,1.13,ragi
Patan,90.69,63.28,98.07,99.45,79.44,67.87,177,76,301,7.2,1.45,0.0232,12.43,165.21,64.55,17.99,7.38,grapes
Porbandar,44.1,29.26,90.14,57.15,34.19,74.87,129,52,253,5.6,0.64,0.014,14.42,185.79,55.27,28.82,6.32,ragi
Rajkot,52.45,64.98,94.49,98.94,10.34,67.24,103,35,69,5.6,1.47,0.1157,19.0,38.5,184.24,37.92,11.01,potato
Sabar Kantha,82.52,90.19,90.92,99.61,59.09,88.17,90,80,87,4.7,1.59,0.09638,14.0,41.3,154.28,48.37,13.77,potato
Surat,81.17,85.54,98.07,99.59,41.85,89.64,137,94,270,7.4,0.65,0.0236,23.36,74.16,62.42,26.75,2.57,ragi
Surendranagar,82.03,56.06,92.83,96.52,19.64,89.99,121,81,356,6.9,0.92,0.0234,16.36,182.52,55.68,22.41,3.41,ragi
Tapi,75.53,85.34,95.91,100.0,55.94,85.13,112,44,89,5.9,0.15,0.169,23.17,71.36,43.41,44.93,27.84,grapes
Vadodara,66.5,91.05,96.94,99.21,92.01,80.05,176,86,256,6.5,1.23,0.0191,14.66,191.75,61.7,29.62,4.11,ragi
Valsad,57.58,97.85,92.41,99.13,73.1,87.79,103,87,182,5.1,1.1,0.25,11.75,182.53,71.27,24.36,52.73,mango
Ambala,72.88,77.74,93.46,30.2,65.71,76.54,138,36,80,5.8,0.17,0.168,17.66,68.65,75.39,49.8,44.38,grapes
Bhiwani,45.72,43.1,93.0,44.05,56.88,89.85,139,21,103,6.7,0.84,0.226,27.51,164.9,1264.7,21.71,21.09,mulberry
Faridabad,98.14,97.29,100.0,98.96,100.0,99.91,131,36,209,5.8,0.84,0.22,5.48,79.78,50.38,35.69,41.0,pomegranate
Fatehabad,66.22,32.78,94.65,37.76,68.55,89.88,149,23,72,6.0,0.23,0.293,30.7,209.9,453.21,27.95,26.99,mulberry
Gurgaon,78.53,78.73,94.55,74.95,36.91,94.29,172,34,170,4.9,1.54,0.11246,27.0,42.0,219.32,40.88,17.46,potato
Hisar,69.12,43.55,97.54,70.92,70.44,97.31,41,23,135,5.0,1.67,0.10655,26.0,39.2,206.89,31.09,20.64,potato
Jhajjar,59.61,60.73,93.92,60.81,40.16,90.49,179,54,308,6.6,0.99,0.0154,14.37,79.5,59.04,18.27,3.36,ragi
Jind,72.28,82.34,98.8,67.59,42.83,91.78,86,80,195,6.8,1.22,0.21,19.53,62.65,55.71,22.56,64.69,mango
Kaithal,61.93,58.42,98.94,26.62,52.0,88.85,155,70,163,5.5,1.55,0.11556,17.0,41.0,265.76,21.67,18.43,potato
Karnal,89.55,85.35,98.13,72.54,59.71,95.61,86,83,143,5.7,0.89,0.34,13.28,173.21,70.27,22.48,66.15,mango
Kurukshetra,86.17,85.56,98.45,59.29,65.96,91.62,54,77,172,5.2,2.23,0.08453,27.0,41.8,202.26,36.66,10.49,potato
Mahendragarh,68.6,32.14,95.04,82.33,47.59,83.19,40,34,149,5.1,1.79,0.11971,11.0,38.5,243.03,47.61,21.97,potato
NUH,79.35,73.38,93.67,75.53,93.94,88.05,171,35,196,5.7,2.0,0.10196,14.0,38.7,139.18,46.7,16.29,potato
Palwal,59.97,59.86,96.86,50.48,54.75,88.34,146,69,177,6.9,0.8,0.18,18.81,111.02,69.4,20.08,49.27,pomegranate
Panchkula,93.87,95.04,99.23,80.65,34.54,97.1,151,25,93,6.3,0.11,0.22,25.38,207.95,1279.57,23.44,21.14,mulberry
Panipat,69.93,83.33,98.96,65.86,66.15,96.68,82,86,136,6.8,1.28,0.23,17.82,107.04,88.46,20.84,66.11,mango
Rewari,78.99,71.13,94.85,72.25,57.65,96.02,121,76,169,4.8,0.86,0.27,10.03,78.71,78.58,27.1,69.01,mango
Rohtak,43.19,62.44,93.61,57.42,47.85,84.81,162,58,349,6.1,1.22,0.0227,12.32,190.25,58.0,27.93,3.89,ragi
Sirsa,69.43,41.44,94.54,54.04,69.78,94.47,114,82,183,6.1,0.69,0.34,9.91,180.56,53.28,48.57,56.56,mango
Sonipat,82.77,37.68,98.02,35.38,34.42,98.74,139,74,125,6.7,0.77,0.25,17.53,97.52,52.55,27.09,62.16,mango
Yamunanagar,91.1,92.92,99.0,82.72,82.27,94.07,72,32,196,6.0,1.92,0.08974,29.0,40.4,116.88,23.33,13.25,potato
Bilaspur,67.45,92.95,99.71,84.7,99.83,99.77,129,69,62,5.7,0.2,0.026,14.83,70.54,35.31,30.22,47.12,grapes
Chamba,96.97,87.88,100.0,100.0,100.0,66.67,129,85,179,5.2,0.88,0.23,12.08,123.96,77.69,30.11,67.32,mango
Hamirpur,92.8,86.04,90.88,89.18,96.23,87.97,90,77,124,6.0,1.18,0.31,12.29,187.65,70.65,42.9,73.0,mango
Kangra,98.35,89.1,98.51,97.77,95.98,75.26,164,72,206,6.0,0.8,0.27,10.13,72.74,29.08,61.03,47.98,pomegranate
Kinnaur,93.49,71.97,99.89,64.48,100.0,99.23,143,70,156,6.9,1.08,0.28,19.42,155.4,67.34,44.3,61.14,mango
Kullu,87.49,84.62,97.37,79.66,90.31,91.07,124,29,105,6.1,0.16,0.281,26.76,247.91,1155.23,21.08,10.35,mulberry
Lahul And Spiti,92.09,88.79,99.06,75.76,97.0,91.71,133,14,110,6.2,0.85,0.297,17.95,108.88,1490.6,24.48,13.55,mulberry
Mandi,83.11,99.64,98.42,75.93,17.5,98.3,111,76,155,6.8,1.28,0.3,12.38,77.21,89.26,46.94,68.06,mango
Shimla,95.02,97.16,98.23,89.73,72.73,37.5,145,68,213,6.7,0.75,0.17,19.66,104.17,69.42,47.15,31.94,pomegranate
Sirmaur,94.9,95.15,96.93,80.02,100.0,54.55,141,33,161,4.9,1.07,0.08812,23.0,38.8,258.9,34.2,15.48,ragi
Solan,75.69,94.88,96.61,47.35,77.78,99.81,132,51,185,5.7,0.72,0.27,19.22,80.11,30.93,36.45,37.74,pomegranate
Una,88.79,68.01,91.46,42.69,100.0,100.0,173,29,170,5.9,0.5,0.17,16.42,70.15,23.94,55.15,19.28,pomegranate
Anantnag,24.73,88.43,58.17,60.05,82.35,44.83,154,53,189,7.0,0.42,0.29,19.56,84.84,53.28,42.85,43.03,pomegranate
Badgam,15.94,34.75,42.15,31.3,28.57,47.62,152,65,92,6.0,0.15,0.135,18.51,146.74,103.49,32.97,47.64,grapes
Bandipora,96.94,53.9,99.01,77.29,80.0,80.0,131,61,181,7.1,0.11,0.21,16.24,75.44,34.66,32.53,35.69,pomegranate
Baramulla,86.95,97.71,99.67,71.16,10.22,80.24,148,74,196,5.4,0.8,0.31,17.92,147.96,78.05,23.14,67.2,mango
Doda,31.75,86.21,92.88,81.78,66.67,93.93,131,55,130,5.3,2.48,0.08983,15.0,41.0,92.58,45.73,21.48,potato
Ganderbal,68.36,50.42,93.71,47.28,69.3,2.71,178,93,343,6.6,1.4,0.021,20.62,223.95,68.08,23.1,1.65,ragi
Jammu,91.96,97.78,97.45,54.03,76.19,83.6,139,41,83,6.0,0.2,0.08,19.38,125.48,115.82,46.79,28.42,grapes
Kathua,88.11,78.63,93.87,88.95,62.26,79.09,114,87,253,5.7,1.49,0.0164,19.77,154.15,65.04,19.62,3.13,ragi
Kishtwar,74.2,46.32,79.12,52.56,100.0,86.23,118,32,98,5.7,0.14,0.157,11.81,83.19,110.55,40.52,49.58,grapes
Kulgam,58.93,96.41,98.21,86.16,100.0,100.0,34,65,152,5.7,2.47,0.10856,18.0,38.2,92.62,44.75,15.64,potato
Kupwara,53.32,31.41,71.9,22.19,62.73,77.08,143,69,217,5.9,0.58,0.23,10.2,116.35,59.96,54.85,21.29,pomegranate
Poonch,92.74,81.33,93.53,53.89,0.37,83.23,111,64,62,5.7,0.16,0.135,20.86,60.16,111.83,34.16,39.67,grapes
Pulwama,37.58,29.67,41.47,15.36,99.84,4.72,76,38,197,5.0,1.7,0.09775,24.0,41.6,135.63,20.49,10.16,potato
Rajauri,82.93,5.85,38.61,39.6,93.83,88.24,158,79,182,7.1,0.32,0.25,10.71,73.99,26.78,55.33,15.66,pomegranate
Ramban,58.69,62.61,74.5,36.95,71.43,41.97,124,93,364,7.7,0.78,0.0124,13.0,158.93,57.67,29.51,1.47,ragi
Reasi,64.74,65.82,71.83,62.79,22.82,19.63,127,37,85,5.8,0.11,0.074,16.91,105.31,107.2,31.54,28.53,grapes
Samba,48.18,82.1,86.32,87.45,72.73,46.07,171,44,76,5.9,0.19,0.165,17.05,99.76,52.69,43.1,26.33,grapes
Shopian,65.88,98.72,97.01,89.94,93.7,94.93,179,47,213,6.5,0.67,0.25,18.6,68.08,24.23,37.01,33.52,pomegranate
Srinagar,75.98,74.73,98.74,43.01,64.29,33.33,53,56,87,5.2,1.57,0.1193,16.0,38.3,169.84,42.55,22.34,potato
Udhampur,58.96,59.84,71.8,59.94,6.5,57.05,127,80,163,5.6,1.3,0.21,12.3,173.53,63.03,44.37,65.89,mango
Bokaro,74.39,96.4,97.84,98.74,48.27,79.44,34,35,157,5.6,1.8,0.09826,20.0,41.4,176.33,36.61,10.81,potato
Chatra,44.9,96.63,76.61,97.58,85.6,65.34,192,50,322,7.4,0.99,0.0122,12.65,214.34,66.39,19.73,2.42,ragi
Deoghar,75.0,100.0,62.5,100.0,37.5,100.0,87,59,128,5.9,1.59,0.09812,23.0,39.5,169.13,30.78,12.32,potato
Dhanbad,96.34,98.38,99.51,99.35,92.8,94.55,110,82,167,5.8,1.08,0.18,15.08,139.78,60.57,44.21,71.44,mango
Dumka,97.02,98.01,100.0,97.9,53.63,99.75,118,57,261,7.4,1.7,0.023,19.88,158.08,55.01,21.98,6.95,ragi
East Singhbum,60.4,94.39,87.45,86.58,51.99,86.51,185,70,240,6.6,1.11,0.0235,13.65,137.19,55.45,29.57,3.2,ragi
Garhwa,57.22,56.33,90.44,83.07,64.69,72.68,88,25,207,5.1,1.63,0.0973,13.0,38.7,143.61,23.89,22.18,potato
Giridih,55.83,94.21,84.46,94.65,93.63,25.28,165,20,88,6.7,0.82,0.298,19.45,131.61,1558.75,29.13,29.83,mulberry
Godda,97.19,98.56,99.01,85.86,93.4,89.53,129,76,169,5.1,1.06,0.25,12.33,89.79,87.9,31.5,58.32,mango
Gumla,84.1,96.9,97.17,93.77,69.01,70.85,155,68,90,5.9,0.21,0.043,15.61,68.39,143.41,33.38,34.38,grapes
Hazaribagh,100.0,100.0,100.0,100.0,100.0,81.98,51,45,127,5.1,1.79,0.08977,24.0,41.8,56.22,28.17,11.12,potato
Jamtara,57.43,96.26,98.46,98.93,57.69,82.54,171,57,129,5.6,2.48,0.08908,25.0,40.2,155.97,25.73,14.77,potato
Khunti,84.78,97.34,96.89,99.67,61.45,85.11,39,19,207,4.7,1.83,0.09684,30.0,39.3,130.96,31.6,22.6,potato
Koderma,61.88,96.17,100.0,99.62,75.48,91.2,139,20,76,6.5,0.41,0.222,21.05,254.19,517.91,29.49,17.2,mulberry
Latehar,96.55,100.0,100.0,100.0,95.65,48.22,136,30,65,6.0,0.21,0.15,7.13,63.69,95.25,44.48,42.65,grapes
Lohardaga,80.02,85.74,89.05,76.27,80.09,48.69,153,49,68,6.3,0.12,0.145,12.16,109.07,62.63,46.67,40.29,grapes
Pakur,95.19,89.29,99.89,92.36,47.47,86.32,141,53,277,6.7,0.93,0.0225,20.96,218.05,65.97,18.98,4.91,ragi
Palamu,87.82,98.78,97.13,54.44,91.23,93.67,169,16,88,6.3,0.41,0.298,23.09,115.84,564.66,20.51,22.77,mulberry
Ranchi,71.99,98.81,93.51,99.77,70.3,78.51,105,82,195,6.2,1.18,0.22,15.66,59.27,85.65,34.64,68.93,mango
Sahebganj,100.0,100.0,100.0,100.0,100.0,100.0,168,54,93,6.4,0.19,0.089,20.76,73.32,63.59,34.81,38.72,grapes
Saraikela Kharsawan,75.09,82.11,95.46,75.19,64.6,63.68,33,17,150,5.1,1.78,0.08364,29.0,41.3,107.18,21.64,19.77,potato
Simdega,60.32,99.43,99.58,99.61,66.42,99.55,131,80,159,6.3,1.0,0.29,13.65,98.47,64.59,26.92,62.41,mango
West Singhbhum,40.96,21.63,70.73,48.3,86.54,23.98,133,64,197,7.1,0.78,0.15,18.88,72.6,67.42,26.32,15.82,pomegranate
Bagalkot,20.38,1.73,98.15,77.13,61.21,88.79,144,71,138,4.8,1.52,0.09011,16.0,41.3,165.57,31.69,18.4,potato
BALLARI,39.28,62.04,93.94,91.55,62.07,89.42,160,52,66,6.2,0.17,0.049,19.64,87.3,30.01,44.99,39.57,grapes
Bangalore,33.07,39.84,82.56,85.25,12.0,30.49,129,76,190,6.5,0.57,0.33,14.35,178.82,91.08,30.23,53.52,mango
BELAGAVI,37.52,22.77,95.97,60.9,14.94,31.95,133,32,213,6.3,0.99,0.24,14.59,90.79,46.43,38.54,23.61,pomegranate
Bengaluru Urban,38.86,40.15,86.26,88.01,12.03,27.68,53,78,69,5.6,1.58,0.09847,15.0,39.1,79.58,45.61,10.24,potato
Bidar,50.05,30.85,95.26,80.29,23.55,4.02,118,46,191,5.8,1.97,0.1037,27.0,40.2,68.3,31.18,14.86,potato
Bijapur,19.36,6.96,93.39,77.45,59.04,10.37,174,79,300,7.7,1.65,0.0216,12.23,163.19,65.96,18.22,7.49,ragi
Chamarajanagar,20.0,22.34,91.43,85.91,84.91,78.77,154,69,88,5.6,0.16,0.043,14.62,102.0,45.64,47.74,35.59,grapes
Chikballapur,32.65,77.13,85.89,98.87,58.08,86.22,116,25,122,5.7,1.79,0.11754,20.0,40.5,88.69,42.54,11.46,potato
Chikmagalur,46.47,82.4,98.01,98.01,21.41,67.0,96,59,171,5.6,2.01,0.10492,11.0,39.5,153.04,45.67,21.14,potato
Chitradurga,50.43,17.82,63.93,24.31,38.34,75.84,120,76,124,4.9,0.5,0.29,14.42,128.4,71.42,33.21,70.96,mango
Dakshin Kannad,23.55,74.88,68.32,52.02,31.75,85.33,117,52,70,6.1,0.12,0.094,13.4,71.52,86.25,42.06,48.22,grapes
Davangere,53.67,69.64,98.68,98.92,26.12,83.16,131,24,61,6.5,0.74,0.206,30.01,209.2,992.78,29.4,17.02,mango
Dharwad,7.71,0.39,89.42,68.77,9.73,41.34,172,72,218,7.0,0.9,0.21,7.43,100.58,34.67,65.51,34.69,pomegranate
Gadag,28.76,1.48,98.88,82.99,96.63,25.27,137,74,188,6.1,0.57,0.17,15.44,84.83,51.88,50.0,69.45,mango
Gulbarga,22.72,10.47,98.27,86.13,49.14,85.52,113,57,234,6.4,1.64,0.0135,18.22,248.47,59.35,27.25,8.97,ragi
Hassan,22.52,45.4,77.38,78.35,58.88,90.69,171,32,93,6.0,0.23,0.115,19.86,141.12,126.25,45.65,36.93,grapes
Haveri,9.47,58.32,96.36,98.41,3.2,14.6,114,70,348,7.3,1.55,0.0157,19.71,76.43,61.82,19.41,3.45,ragi
Kodagu,66.17,88.91,94.47,90.93,58.64,85.28,156,27,189,4.6,1.83,0.08271,17.0,40.1,233.28,34.51,22.62,potato
Kolar,59.91,84.35,97.63,98.38,54.92,74.53,139,21,185,5.9,0.51,0.3,10.19,94.0,34.25,58.48,19.45,pomegranate
Koppal,32.54,81.08,96.58,96.4,92.98,73.81,148,85,248,6.5,1.48,0.0211,17.63,177.08,57.2,18.67,5.33,ragi
Mandya,66.18,83.66,96.03,98.12,28.35,51.6,162,77,188,6.3,0.22,0.23,19.09,111.44,51.52,31.47,15.38,pomegranate
Mysore,52.25,42.12,93.5,79.1,63.11,94.37,93,73,139,6.4,1.05,0.18,18.34,191.43,54.99,37.53,54.89,mango
Raichur,93.32,67.84,99.83,94.38,91.76,78.02,163,57,233,5.9,1.56,0.0125,13.2,52.5,61.4,19.75,2.9,ragi
Ramanagara,35.82,63.97,87.56,88.8,0.82,52.94,188,89,273,5.8,0.82,0.0164,24.6,88.36,66.8,23.39,4.09,ragi
Shimoga,55.33,95.59,99.12,98.58,91.12,67.68,130,18,106,6.5,0.36,0.222,30.26,143.8,1119.22,21.51,15.06,mulberry
Tumkur,22.33,51.81,93.99,97.54,31.47,57.37,164,24,86,6.4,0.54,0.287,27.05,115.17,588.85,21.79,16.42,mulberry
Udupi,63.56,95.84,95.04,71.3,23.69,47.79,138,86,149,5.9,0.65,0.21,12.61,145.64,85.73,49.73,58.16,mango
Uttar Kannad,53.36,98.49,95.74,91.97,5.15,65.55,119,67,64,5.7,0.13,0.086,21.69,114.2,118.04,30.97,34.87,grapes
Yadgir,28.41,22.28,95.13,87.06,54.47,87.23,160,54,203,5.8,0.38,0.18,16.85,67.35,64.58,39.63,36.93,pomegranate
Alappuzha,98.41,99.03,98.72,92.51,31.26,78.07,85,75,236,5.5,2.3,0.09317,22.0,39.1,163.61,36.78,22.72,potato
Ernakulam,95.07,98.08,98.75,88.73,45.41,59.15,141,36,190,7.2,0.33,0.19,18.23,109.89,68.6,56.66,44.87,pomegranate
Idukki,93.52,97.3,99.18,93.89,78.42,83.31,110,86,154,6.4,1.39,0.3,11.62,138.84,82.52,46.43,57.24,mango
Kannur,94.01,99.35,98.61,97.62,37.81,48.04,87,32,197,5.3,1.55,0.08509,18.0,41.7,257.84,24.53,12.28,potato
Kasaragod,74.08,86.1,83.88,84.76,10.21,21.08,91,80,132,5.4,0.81,0.32,9.63,99.14,72.69,42.77,50.03,mango
Kollam,95.0,99.38,98.78,96.77,68.7,75.94,112,81,138,4.8,0.84,0.2,10.61,158.96,57.34,23.21,71.31,mango
Kottayam,95.18,96.04,99.41,96.59,54.12,73.96,34,50,102,5.7,1.44,0.10416,14.0,39.2,163.83,45.25,18.18,potato
Kozhikode,86.9,98.37,91.15,94.68,42.2,42.04,132,26,172,6.8,0.73,0.18,17.28,65.02,22.87,24.21,25.7,pomegranate
Malappuram,97.98,99.87,99.94,99.51,79.74,73.59,131,81,149,4.8,1.44,0.16,16.96,64.95,72.87,47.96,61.14,mango
Palakkad,95.61,99.36,99.94,99.06,28.81,63.32,144,43,77,6.3,0.19,0.084,10.38,109.01,77.04,30.59,25.51,grapes
Pathanamthitta,96.94,96.58,64.17,96.38,43.51,14.06,81,71,200,5.5,0.98,0.32,18.86,84.31,55.71,46.04,55.79,mango
Thiruvananthapuram,91.21,97.07,94.3,94.48,50.94,70.38,135,11,74,6.3,0.62,0.2,32.39,209.69,549.87,26.02,19.72,mulberry
Thrissur,93.46,98.62,97.98,97.2,74.74,84.18,137,53,177,6.8,0.98,0.19,19.8,102.44,58.38,45.95,27.97,pomegranate
Wayanad,89.37,98.21,99.39,98.04,22.94,8.41,153,35,96,6.5,0.23,0.139,7.54,91.72,39.13,42.86,30.82,grapes
Kargil,76.29,76.66,94.18,66.97,36.84,19.14,198,64,240,7.2,1.13,0.0136,23.03,191.08,66.6,23.87,1.63,ragi
Leh,54.56,74.44,93.76,68.44,61.95,88.94,115,14,83,6.3,0.51,0.226,16.05,164.17,531.59,27.64,15.49,mulberry
Agar Malwa,40.81,62.47,81.13,79.29,58.42,52.13,124,34,102,5.6,0.23,0.132,12.3,143.3,122.4,48.21,48.21,mango
Alirajpur,43.17,48.36,81.26,66.3,65.82,55.67,123,74,134,6.0,0.83,0.31,19.9,140.22,99.24,23.29,70.52,mango
Anuppur,52.86,96.04,89.58,98.95,43.88,94.64,169,66,184,6.9,0.89,0.22,18.47,63.19,68.27,63.18,46.11,pomegranate
Ashoknagar,52.47,71.15,81.4,98.64,43.62,98.04,152,27,92,6.3,0.35,0.286,18.93,273.27,718.75,29.86,13.83,mulberry
Balaghat,83.63,99.21,98.43,99.62,89.32,96.97,147,60,64,6.2,0.12,0.043,15.39,70.29,140.79,34.46,36.79,grapes
Barwani,84.7,54.12,98.26,68.89,87.44,74.4,80,71,169,6.4,1.37,0.18,10.31,59.08,89.43,45.57,72.04,mango
Betul,19.41,86.57,95.22,99.53,60.08,44.52,167,21,90,6.2,0.19,0.262,20.74,129.07,1159.76,21.09,25.58,mulberry
Bhind,8.27,91.87,97.87,98.25,58.36,55.15,116,21,104,6.2,0.53,0.206,33.71,274.92,855.72,20.37,25.52,mulberry
Bhopal,77.06,78.65,98.12,97.18,94.53,89.02,143,59,95,6.2,0.22,0.029,23.11,126.22,66.97,45.86,27.25,grapes
Burhanpur,45.15,36.84,87.5,72.4,61.57,51.24,145,28,82,6.8,0.24,0.221,34.92,220.95,991.91,26.67,13.53,mulberry
Chhatarpur,54.96,32.61,91.89,50.74,64.88,74.74,171,14,72,6.7,0.57,0.249,27.98,193.44,509.03,20.71,23.39,mulberry
Chhindwara,68.93,70.38,97.36,89.89,85.94,83.25,176,58,332,6.5,1.71,0.0216,20.22,225.59,57.02,19.03,4.48,ragi
Damoh,78.8,77.32,94.15,88.45,76.7,83.85,121,52,362,5.8,1.46,0.0206,24.55,74.2,58.97,29.62,8.4,ragi
Datia,59.76,58.89,93.09,84.48,77.83,92.99,171,16,71,6.6,0.81,0.27,19.72,252.57,1015.42,21.49,15.03,mulberry
Dewas,49.56,84.77,99.53,97.61,65.91,79.7,118,70,153,5.7,1.08,0.24,11.09,162.31,84.41,27.58,69.93,mango
Dhar,59.3,64.69,87.9,63.6,71.23,55.21,168,52,174,6.9,0.55,0.17,19.96,82.57,33.71,69.05,22.09,pomegranate
Dindori,41.35,98.31,99.97,98.61,96.14,89.4,117,14,108,6.0,0.68,0.21,26.6,120.62,605.39,26.47,22.11,mulberry
East Nimar,68.86,94.72,99.94,98.78,82.26,90.72,83,75,163,5.1,1.93,0.08625,10.0,39.2,52.56,34.32,20.3,potato
Guna,34.16,85.41,98.74,77.06,77.97,91.13,135,82,166,5.3,0.74,0.27,14.71,147.87,53.86,47.16,54.12,mango
Gwalior,48.4,69.77,93.71,93.38,70.84,86.39,163,61,208,6.6,0.43,0.28,7.43,74.29,35.88,70.0,17.96,pomegranate
Harda,95.81,98.4,99.54,99.75,96.11,95.68,115,18,132,6.0,2.4,0.0848,10.0,39.1,119.48,29.88,16.16,potato
Hoshangabad,54.42,85.04,95.67,97.62,72.92,62.58,169,37,69,6.0,0.23,0.175,18.88,139.12,106.28,39.89,48.73,grapes
Indore,69.1,78.75,96.84,95.21,88.41,84.17,151,62,82,5.8,0.16,0.111,8.35,109.41,142.26,40.95,27.83,grapes
Jabalpur,76.48,77.05,96.57,90.17,98.13,84.13,87,74,136,5.4,1.55,0.0896,29.0,40.2,219.1,34.91,19.73,potato
Jhabua,75.81,95.55,99.65,99.51,80.52,83.97,175,20,76,6.3,0.72,0.264,18.91,259.43,208.4,20.67,22.94,mulberry
Katni,50.6,95.45,95.58,95.82,70.62,92.06,160,37,74,5.9,0.16,0.097,5.07,122.51,112.08,38.31,38.49,grapes
Khargone,58.98,25.01,85.83,74.25,82.42,78.17,112,30,89,6.4,0.19,0.058,17.96,100.47,109.6,44.27,27.97,grapes
Mandla,33.31,97.69,90.32,93.47,56.35,91.13,118,86,179,5.7,0.87,0.32,16.08,172.71,63.92,22.72,60.75,mango
Mandsaur,74.69,70.26,95.36,74.01,87.15,87.82,161,73,183,6.2,0.28,0.29,10.65,91.85,33.55,66.69,38.12,pomegranate
Morena,60.12,92.51,95.31,98.7,83.94,57.19,167,67,231,5.1,2.1,0.08822,17.0,41.2,144.61,41.3,14.69,potato
Narsinghpur,62.81,63.2,96.58,89.0,79.96,73.47,198,67,247,7.7,0.71,0.0193,22.59,172.42,56.4,29.21,3.0,ragi
Neemuch,19.36,76.26,99.98,99.91,24.51,0.49,155,59,62,6.1,0.13,0.168,21.23,123.43,143.6,32.12,37.48,grapes
Panna,82.0,98.52,98.96,99.51,66.92,94.79,140,61,193,6.7,0.04,0.19,14.65,116.21,57.04,55.82,43.71,pomegranate
Raisen,65.88,67.97,93.97,79.09,80.93,56.77,111,82,164,5.8,0.63,0.24,14.66,196.99,82.4,46.82,58.46,mango
Rajgarh,21.6,90.57,78.41,94.79,7.93,73.68,153,62,67,6.2,0.12,0.04,20.12,88.95,125.23,28.67,26.1,pomegranate
Ratlam,97.67,97.58,99.17,98.76,99.0,98.93,178,23,59,6.4,0.33,0.286,17.22,271.03,477.12,29.39,10.72,mulberry
Rewa,55.5,55.55,91.9,85.43,94.12,90.64,193,78,332,6.3,1.57,0.0126,13.62,101.75,63.84,18.64,8.74,ragi
Sagar,74.78,90.65,99.36,94.99,83.77,79.82,162,16,67,6.2,0.32,0.218,22.53,139.76,469.08,27.57,30.0,mulberry
Satna,29.58,92.84,88.66,99.19,39.77,61.47,165,35,92,5.8,0.21,0.019,18.08,84.9,100.74,45.26,34.52,grapes
Sehore,82.25,69.36,98.94,92.3,89.1,65.03,112,12,85,6.0,0.6,0.246,16.3,136.57,859.59,29.34,12.29,mulberry
Seoni,41.47,82.27,96.08,90.18,50.34,84.97,62,52,133,5.0,2.48,0.10269,27.0,40.6,125.68,45.02,21.56,potato
Shahdol,60.46,98.42,96.39,99.05,85.06,96.13,173,62,194,6.3,0.42,0.16,5.9,106.01,47.26,38.41,14.54,pomegranate
Shajapur,47.1,63.44,76.94,93.9,57.66,70.49,132,80,156,5.4,1.09,0.17,9.54,136.22,53.68,26.69,68.39,mango
Sheopur,51.71,89.87,91.61,99.55,68.76,74.63,105,52,87,6.4,0.2,0.177,9.41,125.32,145.88,49.41,29.37,grapes
Shivpuri,68.31,87.91,87.93,70.96,62.79,66.39,110,26,110,6.1,0.49,0.283,17.4,266.12,606.28,26.87,10.89,mulberry
Sidhi,42.04,83.07,70.16,94.17,56.53,41.68,154,90,262,7.8,1.35,0.0193,12.89,126.95,61.14,23.08,5.49,ragi
Singrauli,86.31,60.23,95.59,71.22,59.83,32.36,123,81,126,5.4,1.19,0.21,17.92,98.48,79.91,49.91,56.88,mango
Tikamgarh,70.33,99.2,96.69,99.6,73.24,99.77,137,76,190,5.8,0.18,0.27,9.37,83.59,27.1,42.23,11.5,pomegranate
Ujjain,36.56,53.44,91.16,95.28,62.21,61.2,115,59,70,6.2,0.15,0.037,12.9,97.48,82.74,43.53,49.16,grapes
Umaria,49.74,71.37,98.26,95.05,97.89,87.28,148,84,261,7.2,1.36,0.0215,22.92,109.97,67.24,25.68,3.16,ragi
Vidisha,67.67,87.68,97.2,89.91,88.69,68.09,135,41,214,7.1,0.25,0.19,14.11,105.35,31.74,51.75,36.69,pomegranate
Ahmednagar,46.99,22.65,97.92,80.07,52.12,58.56,141,71,264,7.9,1.55,0.0176,21.06,243.99,67.77,21.57,6.82,ragi
Akola,29.45,27.58,99.89,99.82,35.21,3.93,145,19,82,6.5,0.85,0.289,25.56,146.85,989.65,28.41,16.04,mulberry
Amravati,59.04,18.23,98.57,94.9,15.93,16.47,111,51,65,5.7,0.17,0.035,18.11,148.12,96.33,49.96,33.7,grapes
Aurangabad,28.16,17.04,98.49,86.72,41.61,93.8,163,82,320,6.4,1.13,0.0221,22.58,55.97,58.62,25.21,2.6,ragi
Beed,55.96,22.15,98.55,96.51,73.17,57.28,169,35,219,5.7,0.14,0.27,16.21,113.99,57.21,32.42,27.62,ragi
Bhandara,23.79,39.56,99.39,92.65,58.3,43.52,154,28,205,4.8,1.48,0.08026,13.0,41.2,109.71,46.1,20.16,potato
Buldhana,46.29,23.54,99.38,98.08,75.63,58.6,128,89,184,6.5,0.8,0.31,17.45,122.21,95.92,46.73,57.67,mango
Chandrapur,27.24,28.1,96.28,92.24,80.66,28.07,125,97,250,7.2,1.37,0.0131,14.72,218.37,69.14,21.56,6.49,ragi
Dhule,80.35,55.15,99.98,99.58,76.1,64.32,130,42,157,5.7,1.96,0.09443,11.0,38.4,263.88,26.95,13.98,potato
Gadchiroli,34.09,45.02,96.75,92.77,61.39,40.65,88,78,171,6.5,0.8,0.2,13.79,169.65,88.96,32.04,59.77,mango
Gondia,22.3,28.0,98.6,94.27,87.53,23.01,127,72,168,6.5,0.5,0.21,13.12,92.31,73.36,45.64,52.79,mango
Hingoli,59.06,68.61,99.62,97.38,54.25,16.3,108,33,92,5.5,1.96,0.08523,30.0,38.8,190.43,43.53,15.09,potato
Jalgaon,53.25,53.48,94.56,91.08,74.57,39.12,161,57,287,6.0,0.96,0.0215,13.27,153.97,62.53,22.03,8.28,ragi
Jalna,50.44,9.05,98.12,94.41,37.09,10.38,161,69,60,6.4,0.2,0.138,5.0,52.11,60.91,48.68,25.97,grapes
Kolhapur,70.47,60.66,98.55,90.92,56.45,61.83,137,71,170,5.1,0.72,0.32,9.97,88.37,95.67,40.4,63.5,mango
Latur,41.42,32.68,99.8,98.37,35.87,9.62,143,79,137,4.8,1.84,0.10582,18.0,40.4,76.23,43.72,18.23,potato
Nagpur,16.32,6.76,98.86,90.73,69.6,19.3,135,63,170,6.0,0.45,0.22,7.98,60.38,57.34,51.34,22.41,pomegranate
Nanded,63.63,43.8,96.26,87.38,35.31,72.09,168,33,167,5.8,2.35,0.08531,13.0,40.3,286.86,42.73,12.79,potato
Nandurbar,67.71,77.28,99.95,98.67,43.33,42.09,115,26,75,6.3,0.54,0.241,17.59,134.71,1506.23,26.18,23.59,mulberry
Nashik,68.52,34.77,99.35,90.18,37.96,69.8,113,79,360,8.0,1.72,0.02,16.68,157.1,65.93,26.47,1.87,ragi
Osmanabad,26.05,28.75,98.43,95.89,49.82,12.17,191,80,255,6.8,1.49,0.0211,24.67,70.66,66.06,19.81,2.29,ragi
Palghar,60.86,85.76,99.98,99.88,29.93,45.1,124,19,72,6.4,0.32,0.204,26.86,251.61,1195.74,24.69,16.06,mulberry
Parbhani,51.9,50.26,82.01,96.97,45.24,17.72,115,86,131,5.3,0.8,0.23,9.09,111.15,81.54,37.04,68.36,mango
Pune,46.57,19.8,96.17,64.96,49.78,35.41,124,21,54,6.4,0.81,0.278,31.61,194.06,588.3,22.05,15.04,mulberry
Raigad,81.35,71.76,99.91,99.03,30.76,57.27,82,80,149,5.4,1.36,0.32,10.23,125.26,50.5,22.45,57.32,mango
Ratnagiri,80.2,97.37,98.72,99.76,73.08,84.61,145,23,93,6.1,0.61,0.264,22.71,101.95,1383.16,25.16,10.31,mulberry
Sangli,54.88,54.98,95.81,87.42,76.54,70.21,122,85,184,6.5,0.94,0.28,18.77,92.46,62.6,26.7,52.17,mango
Satara,38.63,40.48,92.32,59.13,67.24,55.89,116,28,106,5.2,2.04,0.11435,25.0,41.4,293.13,27.74,10.91,potato
Sindhudurg,66.35,97.89,97.77,99.0,34.02,43.65,169,17,72,6.0,0.34,0.23,27.45,228.25,933.09,21.36,23.83,mulberry
Solapur,35.88,11.51,93.06,53.14,41.05,35.56,187,66,263,7.2,1.69,0.0183,12.69,200.34,61.05,20.96,5.15,ragi
Thane,88.76,97.09,99.75,98.86,19.88,85.23,173,10,60,6.4,0.27,0.215,22.57,233.12,1298.39,20.8,16.01,mulberry
Wardha,16.63,5.98,96.9,82.21,42.74,30.55,121,45,61,6.1,0.9,0.189,12.01,132.03,120.31,32.21,29.1,mango
Washim,23.71,17.1,99.86,98.61,86.48,17.59,121,26,54,6.6,0.77,0.254,20.4,214.29,1076.67,24.33,13.47,mulberry
Yavatmal,38.44,46.54,99.07,94.6,56.17,53.81,141,76,263,7.0,0.92,0.0129,18.3,127.29,61.66,25.05,8.65,ragi
Bishnupur,68.72,92.82,82.56,93.85,72.31,41.54,148,73,198,5.5,0.58,0.29,13.5,182.25,56.44,35.78,58.55,mango
Chandel,25.0,100.0,75.0,100.0,100.0,75.0,151,69,207,5.9,0.55,0.25,16.14,113.51,22.04,31.29,19.27,pomegranate
Churachandpur,0.0,100.0,33.33,100.0,100.0,33.33,145,61,187,6.6,0.75,0.28,11.01,116.14,54.45,52.35,30.73,pomegranate
Imphal East,57.31,96.44,66.8,96.44,25.69,47.83,98,78,131,6.1,1.05,0.35,19.3,187.27,50.73,31.89,54.75,mango
Imphal West,51.55,98.97,88.66,98.97,53.61,24.74,80,67,116,5.6,2.21,0.08029,15.0,40.4,75.09,47.71,14.86,potato
Senapati,,,,,,,37,76,110,5.5,1.83,0.08761,30.0,38.3,145.36,45.7,23.22,potato
Tamenglong,,,,,,,100,82,159,5.4,0.55,0.2,14.32,148.77,61.36,40.08,68.78,mango
Thoubal,82.72,98.95,80.63,99.48,58.64,65.97,166,22,84,6.6,0.83,0.296,25.24,213.23,422.49,28.86,19.01,mulberry
Ukhrul,38.33,100.0,71.67,100.0,75.0,36.67,155,66,86,5.9,0.14,0.066,13.42,78.73,46.97,33.23,45.1,pomegranate
East Garo Hills,,,,,,100.0,140,47,93,5.8,0.12,0.133,15.48,102.57,135.73,33.25,29.09,grapes
East Jaintia Hills,,,,,,100.0,137,91,342,7.1,1.43,0.0145,12.95,78.84,59.28,20.59,9.21,ragi
East Khasi Hills,71.91,81.65,90.68,57.9,87.5,23.53,102,17,58,5.6,1.78,0.11267,16.0,38.2,109.1,22.44,22.9,potato
North Garo Hills,,,,,,100.0,129,17,52,6.5,0.3,0.283,28.32,119.48,706.18,24.14,20.62,mulberry
Ri Bhoi,64.0,93.94,89.16,80.59,50.0,0.0,149,96,316,7.7,1.38,0.0188,21.02,212.21,62.38,20.62,9.5,ragi
South Garo Hills,0.0,0.0,0.0,0.0,0.0,0.0,156,17,94,6.4,0.54,0.268,27.01,228.4,1254.57,28.49,10.79,mulberry
South West Garo Hills,,,,,,,147,21,194,6.9,0.8,0.27,9.42,96.66,54.55,64.95,14.86,pomegranate
South West Khasi Hills,61.29,98.16,87.88,61.9,100.0,100.0,95,20,143,5.3,1.8,0.09994,22.0,39.9,278.37,29.26,12.0,potato
West Garo Hills,,,,,,100.0,175,50,65,5.6,0.19,0.068,16.92,96.64,91.18,44.15,46.69,grapes
West Jaintia Hills,84.48,77.59,87.93,96.55,77.59,45.16,157,35,62,5.9,0.2,0.105,12.01,149.89,98.51,38.97,28.68,grapes
West Khasi Hills,51.34,96.68,78.63,59.0,100.0,0.0,126,12,53,6.2,0.11,0.203,24.51,195.22,566.63,27.67,14.94,mulberry
Aizawl,,,,,,100.0,155,19,113,5.8,2.39,0.08181,22.0,39.0,198.72,37.84,13.1,potato
Champhai,76.92,100.0,100.0,100.0,100.0,37.5,111,75,242,6.0,0.8,0.0136,13.88,170.66,60.68,28.88,7.11,ragi
Kolasib,,,,,,,128,33,66,6.0,0.12,0.166,9.78,125.83,121.09,30.51,38.41,grapes
Lawngtlai,,,,,,,153,45,179,5.9,0.74,0.26,19.98,106.26,36.45,42.66,15.54,pomegranate
Lunglei,100.0,100.0,,,100.0,,131,55,194,5.7,0.45,0.29,10.82,90.61,56.08,58.15,32.65,pomegranate
Mamit,,,,,,,123,91,289,6.2,1.31,0.0147,13.3,122.74,68.48,21.73,9.23,ragi
Saiha,,,,,,,144,23,56,6.5,0.6,0.249,19.31,198.15,516.8,25.33,22.61,mulberry
Serchhip,,,,,,100.0,110,48,83,5.5,0.12,0.048,11.69,108.69,140.64,48.27,39.05,grapes
Dimapur,85.95,100.0,99.65,91.29,97.12,98.28,148,76,197,6.0,0.87,0.22,15.81,110.14,65.92,20.69,55.41,mango
Kiphire,27.49,100.0,80.58,94.5,,99.83,180,11,211,6.0,0.84,0.23,5.85,92.52,37.42,47.7,48.25,pomegranate
Kohima,49.16,99.44,76.72,86.18,,94.26,112,36,88,6.3,0.2,0.154,5.97,147.11,113.15,36.75,44.72,grapes
Longleng,98.63,99.66,99.83,99.32,40.0,99.32,112,87,145,5.0,1.36,0.19,8.34,55.17,82.6,20.66,71.2,mango
Mokokchung,63.83,100.0,95.69,95.67,100.0,100.0,194,76,260,6.2,1.24,0.0123,23.21,49.89,67.56,24.75,8.91,mulberry
Mon,68.38,99.93,99.86,93.48,0.0,100.0,188,66,320,6.0,1.62,0.0168,13.2,90.14,57.12,24.69,4.65,ragi
Peren,87.9,100.0,98.19,95.4,100.0,100.0,114,49,164,4.9,2.14,0.1109,13.0,40.4,215.88,21.66,10.47,potato
Phek,60.28,99.39,99.09,96.01,100.0,99.9,197,85,336,6.1,1.01,0.0143,17.45,131.51,60.88,23.52,4.99,ragi
Tuensang,42.52,99.04,65.91,87.52,,89.83,146,77,368,7.0,1.0,0.0207,22.39,247.83,67.95,21.84,3.0,ragi
Wokha,64.77,100.0,99.87,89.77,98.37,93.06,130,54,131,5.2,2.45,0.08975,16.0,42.1,91.46,46.83,22.69,ragi
Zunheboto,62.64,100.0,100.0,97.34,100.0,100.0,129,21,103,6.4,0.26,0.26,32.53,249.72,596.0,23.36,13.74,mulberry
Anugul,74.64,100.0,100.0,100.0,32.83,75.8,165,80,171,6.6,0.11,0.19,8.6,84.92,38.74,48.12,36.84,pomegranate
Balangir,,,,,,85.71,110,36,66,6.5,0.2,0.177,13.75,58.9,71.59,39.09,43.98,grapes
Baleshwar,57.04,,,,56.01,23.39,165,57,53,5.1,1.61,0.11069,16.0,41.5,175.07,48.55,19.36,potato
Bargarh,61.71,97.82,98.77,95.31,35.17,37.38,145,55,72,5.6,0.2,0.152,12.36,94.31,126.75,39.56,30.38,grapes
Bhadrak,100.0,80.0,100.0,100.0,80.0,92.86,176,23,91,6.6,0.45,0.3,30.94,211.77,264.99,23.65,11.58,mulberry
Boudh,100.0,,,,,100.0,159,19,61,6.3,0.45,0.205,31.86,169.69,267.64,29.76,16.73,mulberry
Cuttack,69.46,25.0,50.0,0.0,50.85,0.84,160,35,80,5.9,0.23,0.109,15.84,87.43,145.86,37.01,42.23,grapes
Deogarh,45.63,100.0,100.0,100.0,4.68,75.0,110,71,146,6.1,1.44,0.2,19.17,139.93,88.28,26.8,71.76,mango
Dhenkanal,92.86,,,,19.35,100.0,173,23,73,6.4,0.25,0.233,33.48,105.3,610.06,28.4,21.57,mulberry
Gajapati,100.0,100.0,100.0,100.0,100.0,100.0,160,20,79,6.5,0.33,0.215,31.16,209.31,603.86,28.37,27.17,mulberry
Ganjam,37.5,0.0,,,41.87,79.28,153,36,202,6.4,0.24,0.18,13.97,85.31,36.42,26.41,48.34,pomegranate
Jagatsinghapur,66.2,100.0,100.0,75.0,22.02,54.21,116,22,76,6.4,0.43,0.248,30.93,276.72,563.72,27.87,21.1,mulberry
Jajapur,80.97,100.0,100.0,100.0,48.45,42.22,113,79,239,7.9,0.91,0.0176,13.61,218.11,66.87,18.73,6.04,ragi
Jharsuguda,30.92,0.0,,,71.35,29.88,153,49,175,7.0,0.28,0.17,8.99,91.57,65.61,46.49,47.35,pomegranate
Kalahandi,55.98,54.05,90.63,84.38,1.1,44.46,146,39,197,7.0,0.59,0.21,9.44,73.93,48.22,42.19,41.01,pomegranate
Kandhamal,0.08,0.0,0.08,0.08,0.08,0.9,133,25,64,6.8,0.78,0.239,29.19,211.08,995.84,29.7,26.51,mulberry
Kendrapara,84.4,0.0,,,33.54,96.33,142,77,269,7.0,0.93,0.0123,18.2,126.21,62.11,25.1,8.69,mulberry
Kendujhar,6.49,73.17,15.38,15.38,5.59,1.79,141,20,208,6.6,0.39,0.26,7.49,104.46,29.38,68.91,18.31,pomegranate
Khordha,83.69,75.0,100.0,100.0,68.32,96.62,130,14,69,6.8,0.56,0.273,31.72,143.25,726.91,24.6,11.52,mulberry
Koraput,28.78,78.57,100.0,100.0,60.83,74.72,140,40,176,4.7,1.43,0.11437,12.0,39.8,240.96,26.83,19.25,potato
Malkangiri,,,,,,100.0,154,41,99,5.7,0.21,0.138,18.96,89.15,115.82,41.26,27.68,grapes
Mayurbhanj,11.39,100.0,100.0,100.0,7.27,1.11,179,59,88,6.3,0.2,0.043,10.62,100.56,134.01,47.56,34.14,grapes
Nabarangpur,8.33,7.69,16.67,8.33,16.67,47.62,180,17,62,6.0,0.44,0.252,27.08,262.68,1347.93,28.38,14.16,mulberry
Nayagarh,63.49,0.0,100.0,100.0,35.31,51.12,150,17,171,6.2,0.43,0.29,13.53,62.62,34.65,23.35,42.68,pomegranate
Nuapada,8.33,0.0,0.0,0.0,0.0,0.0,148,51,219,6.1,0.06,0.16,13.6,82.62,66.02,44.14,14.28,pomegranate
Puri,76.1,97.45,90.0,90.91,47.68,90.84,97,21,57,5.4,1.64,0.09269,24.0,40.0,232.68,31.08,21.46,potato
Rayagada,67.11,97.56,92.59,83.95,85.4,72.8,130,21,106,6.8,0.76,0.204,26.43,126.87,293.0,21.84,15.94,mulberry
Sambalpur,40.83,87.5,100.0,100.0,16.7,38.44,136,30,89,6.6,0.9,0.202,33.67,223.04,1532.58,23.43,12.43,mulberry
Sonepur,100.0,100.0,100.0,100.0,50.0,100.0,157,19,105,6.1,0.3,0.25,27.98,122.54,1572.54,26.48,20.07,mulberry
Sundargarh,100.0,100.0,100.0,100.0,0.0,90.91,174,44,88,5.9,0.19,0.129,21.89,98.45,91.13,40.97,41.47,grapes
Karaikal,86.41,97.99,100.0,98.32,100.0,,75,58,134,4.7,1.61,0.09968,21.0,39.2,62.14,46.98,23.78,potato
Mahe,89.43,93.67,95.18,98.19,0.99,,178,81,336,7.4,1.16,0.0218,10.46,156.47,63.01,19.98,5.35,ragi
Pondicherry,94.98,84.98,99.16,98.05,0.29,100.0,129,80,146,5.7,1.45,0.29,17.4,182.3,83.22,26.85,59.76,mango
Amritsar,74.27,88.91,99.85,45.83,0.0,82.91,138,78,194,7.1,0.34,0.15,15.83,92.88,48.58,69.7,25.54,pomegranate
Barnala,90.36,87.6,99.23,60.37,61.6,88.02,105,63,92,6.4,0.18,0.17,17.41,118.65,100.65,41.52,46.6,grapes
Bathinda,88.98,75.44,97.27,62.65,81.82,93.47,157,46,199,5.8,0.01,0.2,7.45,65.0,24.56,56.96,20.7,pomegranate
Faridkot,90.06,86.95,98.82,54.94,,95.74,147,15,75,6.1,0.23,0.24,31.4,258.32,986.31,24.64,24.99,mulberry
Fatehgarh Sahib,92.56,92.27,99.35,54.64,0.0,88.0,170,12,61,6.1,0.6,0.239,23.64,235.22,1004.84,29.53,16.26,mulberry
Fazilka,80.79,82.83,99.81,54.0,50.0,96.69,197,79,259,6.1,1.27,0.0135,23.41,50.07,68.98,24.25,8.89,ragi
Firozepur,80.98,89.77,99.78,46.32,100.0,74.74,183,82,363,5.9,1.77,0.023,17.01,170.58,66.86,24.53,2.11,ragi
Gurdaspur,92.26,89.82,99.4,51.8,100.0,82.77,174,35,72,6.2,0.11,0.048,24.4,81.25,130.27,48.97,28.33,grapes
Hoshiarpur,83.06,90.35,99.55,53.45,0.0,87.12,112,85,184,4.7,1.1,0.32,15.36,156.35,65.26,47.26,52.13,mango
Jalandhar,89.89,91.37,98.97,64.99,3.8,78.65,175,12,171,5.8,0.16,0.21,17.07,112.14,49.21,69.76,30.55,pomegranate
Kapurthala,88.55,92.5,99.72,33.82,,86.68,160,73,359,7.3,1.39,0.0215,24.84,55.53,57.12,24.11,9.13,ragi
Ludhiana,85.4,90.82,99.41,54.28,100.0,76.1,109,66,195,5.8,1.66,0.10815,27.0,38.4,254.17,31.97,19.6,potato
Mansa,91.44,90.46,99.82,72.66,,88.18,178,57,230,5.5,1.87,0.09151,14.0,38.9,182.5,46.77,20.6,potato
Moga,90.89,94.05,99.98,43.64,,87.4,132,68,213,5.8,0.56,0.24,10.3,115.21,60.21,55.63,20.6,ragi
Muktsar,79.25,84.43,99.32,32.54,,93.97,100,83,170,6.3,0.71,0.17,18.47,157.91,88.5,33.82,65.78,mango
Nawanshahr,88.94,96.73,99.95,76.63,100.0,70.99,154,20,102,6.2,0.78,0.271,17.85,258.89,935.34,20.25,14.09,mulberry
Pathankot,95.27,96.75,99.57,70.49,96.1,87.53,174,76,216,6.3,0.66,0.18,19.55,107.03,53.17,23.04,46.68,pomegranate
Patiala,91.25,91.04,99.88,66.96,0.99,83.34,132,94,311,6.5,1.4,0.0198,11.71,62.55,55.62,19.66,7.88,ragi
Rupnagar,93.95,95.7,98.96,54.3,100.0,91.6,107,79,127,5.7,0.75,0.25,9.46,80.98,89.12,29.14,60.91,mango
S.A.S Nagar,80.51,82.81,99.39,56.36,,82.71,82,86,168,6.5,0.95,0.24,9.8,184.17,70.09,23.98,67.82,mango
Sangrur,90.91,89.5,99.85,60.88,3.29,88.62,172,45,176,6.6,0.58,0.3,16.95,112.96,22.16,56.8,26.34,pomegranate
Tarn Taran,85.0,92.3,99.75,46.06,100.0,82.79,57,43,175,4.9,1.86,0.10867,17.0,39.9,158.33,33.99,19.66,potato
Ajmer,59.16,65.75,98.01,91.35,0.0,79.15,153,66,64,5.8,0.18,0.086,13.77,54.1,147.49,40.98,46.51,grapes
Alwar,51.69,43.75,97.71,95.97,,89.65,113,71,205,5.9,2.11,0.08845,23.0,39.6,58.08,41.35,11.98,potato
Banswara,29.26,40.46,87.08,90.44,,98.42,172,62,288,7.6,1.7,0.0236,18.86,199.8,64.94,26.76,3.22,ragi
Baran,79.39,81.21,99.41,94.36,,44.11,125,18,61,6.3,0.1,0.242,22.67,207.36,237.77,21.5,22.76,mulberry
Barmer,27.94,25.77,92.8,91.48,,78.67,137,38,208,6.1,0.54,0.27,5.57,115.77,40.37,21.61,25.95,pomegranate
Bharatpur,37.93,78.29,96.47,99.12,,93.84,173,24,107,6.7,0.51,0.278,27.36,181.24,1157.63,21.98,27.02,mulberry
Bhilwara,60.02,52.08,96.66,86.89,,97.61,118,82,304,7.8,0.82,0.0194,10.56,158.91,65.56,21.09,9.53,ragi
Bikaner,29.09,6.35,67.84,41.62,,30.83,131,39,181,7.1,0.41,0.29,15.56,110.63,27.42,49.04,41.53,pomegranate
Bundi,72.42,61.01,99.45,96.02,,96.36,136,78,215,5.8,0.14,0.19,18.22,67.61,56.48,34.25,12.11,pomegranate
Chittorgarh,60.13,37.47,96.4,79.25,,94.78,143,71,173,6.9,0.19,0.25,7.79,70.8,68.69,51.48,20.04,pomegranate
Churu,4.38,0.86,93.82,81.17,,70.73,120,81,134,5.3,1.49,0.16,13.41,134.52,96.6,41.39,71.43,mango
Dausa,64.41,64.43,92.27,86.21,,99.39,117,71,365,5.7,1.7,0.0111,12.21,90.51,57.72,19.18,2.64,ragi
Dholpur,50.18,66.87,90.16,95.33,,90.14,181,72,337,7.2,0.73,0.0183,20.29,226.69,66.77,22.26,9.68,ragi
Dungarpur,49.3,54.91,96.52,78.45,,94.73,144,63,246,5.9,0.76,0.0154,14.83,76.73,61.55,28.61,1.93,ragi
Ganganagar,40.02,52.93,95.02,96.2,,59.17,160,14,56,6.5,0.55,0.297,34.12,250.43,953.57,26.37,27.59,mulberry
Hanumangarh,63.15,52.65,95.3,85.3,,88.41,176,30,190,7.2,0.19,0.22,10.83,90.85,21.81,47.5,31.73,pomegranate
Jaipur,62.67,34.87,90.93,94.12,75.0,96.61,100,86,188,4.5,1.5,0.34,8.16,107.13,81.09,45.14,52.47,mango
Jaisalmer,1.01,4.36,97.69,99.76,,0.04,177,21,71,6.0,0.48,0.273,19.91,134.31,1111.6,22.31,22.53,mulberry
Jalore,41.11,39.04,97.58,91.82,,93.98,163,27,83,6.2,0.85,0.233,21.57,116.27,410.47,21.26,16.13,mulberry
Jhalawar,72.53,73.24,99.79,97.78,,86.4,196,84,265,6.6,1.5,0.0137,11.37,130.83,65.16,23.08,4.05,ragi
Jhunjhunu,27.73,36.26,94.05,93.76,,86.11,151,12,196,6.9,0.57,0.16,5.35,60.9,40.23,69.89,19.32,pomegranate
Jodhpur,31.08,25.16,98.69,91.13,,99.23,115,53,280,5.8,0.89,0.0176,24.57,105.46,58.04,27.47,7.94,ragi
Karauli,44.43,52.21,93.69,94.43,,76.39,182,87,350,7.1,1.14,0.0135,23.24,200.22,68.01,27.58,4.11,ragi
Kota,81.56,83.86,97.04,90.56,,91.85,41,36,58,4.7,2.45,0.08768,23.0,41.5,160.62,33.71,22.71,potato
Nagaur,21.85,21.17,97.78,95.14,,66.17,138,31,90,5.7,0.22,0.118,10.32,126.06,125.6,35.25,36.66,grapes
Pali,35.77,32.7,98.15,98.92,,92.68,98,85,191,6.0,1.45,0.28,14.47,179.63,85.79,47.76,65.83,mango
Pratapgarh,75.46,63.71,91.04,94.14,,95.37,92,77,162,4.5,0.64,0.18,10.56,171.73,84.09,32.57,63.14,mango
Rajsamand,41.53,18.03,89.69,89.65,,99.94,152,28,97,6.8,0.62,0.251,23.25,106.45,1009.95,22.28,15.93,mulberry
Sawai Madhopur,41.22,67.34,97.75,95.24,,88.64,102,89,160,5.3,1.09,0.29,8.66,178.86,66.75,29.77,73.99,mango
Sikar,60.16,45.93,94.22,90.71,,99.09,156,69,231,5.3,2.0,0.11483,26.0,38.5,146.77,37.78,24.67,potato
Sirohi,4.18,1.64,97.26,94.79,,84.67,157,38,245,4.8,2.4,0.11892,12.0,39.7,145.39,34.22,10.37,potato
Tonk,66.03,56.71,97.95,93.99,,96.4,173,13,66,6.7,0.87,0.221,23.78,232.42,221.47,22.94,19.06,mulberry
Udaipur,61.23,78.35,98.44,99.11,0.0,89.49,132,60,90,5.9,0.14,0.183,24.81,114.52,145.36,40.77,37.36,grapes
Gangtok,31.51,98.99,73.09,98.87,29.21,99.19,147,62,192,7.1,0.97,0.28,12.52,60.1,50.96,63.13,39.13,pomegranate
Gyalshing,54.41,3.49,96.17,7.01,26.96,0.17,104,85,172,5.3,1.12,0.17,16.41,105.55,64.46,49.61,61.2,mango
Mangan,73.02,22.22,99.21,3.97,6.35,1.59,170,36,216,5.9,0.15,0.28,15.69,114.2,56.87,31.28,28.62,pomegranate
Namchi,81.58,98.3,92.9,99.43,62.87,98.02,174,68,92,6.5,0.16,0.113,15.36,98.87,95.42,44.77,25.17,grapes
Ariyalur,95.15,75.73,99.55,88.3,86.15,55.34,148,97,365,5.8,1.7,0.0145,16.65,138.79,57.07,19.13,1.64,ragi
Coimbatore,72.71,56.06,98.09,68.17,46.6,50.96,175,38,198,5.7,0.47,0.16,9.63,82.95,46.61,36.59,42.51,pomegranate
Cuddalore,96.69,99.36,99.87,97.82,12.74,20.96,132,73,197,6.4,0.9,0.3,18.0,63.61,70.04,45.15,70.02,mango
Dharmapuri,88.13,13.49,94.89,90.48,45.38,50.26,176,27,109,6.5,0.49,0.267,35.0,274.77,288.27,23.94,27.53,mulberry
Dindigul,79.92,49.69,95.2,65.22,19.0,54.36,167,54,305,6.5,1.71,0.0228,15.13,50.76,62.69,28.7,6.99,ragi
Erode,74.77,45.71,97.72,55.37,18.08,17.35,142,34,83,6.4,0.23,0.162,10.38,133.11,60.52,43.96,40.92,grapes
Kanchipuram,70.66,67.52,99.52,94.93,11.26,98.96,129,34,160,4.8,1.08,0.08869,25.0,39.0,259.93,33.49,14.16,potato
Kanniyakumari,80.52,92.82,97.01,87.85,27.63,77.25,110,16,124,4.9,1.72,0.10427,18.0,40.8,275.18,38.98,23.54,potato
Karur,87.22,22.25,99.88,81.82,87.28,31.53,55,40,114,5.5,1.46,0.0912,29.0,41.4,61.39,28.59,24.65,potato
Krishnagiri,98.43,98.24,99.72,98.89,87.35,96.14,175,54,357,7.3,0.94,0.0216,11.02,95.47,67.17,25.32,4.91,ragi
Madurai,68.45,70.98,97.89,81.01,19.57,79.74,140,100,339,5.8,1.13,0.018,11.65,84.42,63.13,19.9,2.11,ragi
Nagapattinam,70.48,95.76,89.95,62.3,48.31,89.76,141,69,211,5.7,0.71,0.16,12.33,116.81,68.31,43.3,42.22,pomegranate
Namakkal,46.2,49.77,92.6,67.69,5.7,55.22,114,61,243,5.5,1.41,0.105,15.0,38.2,80.75,25.98,13.45,potato
Perambalur,42.0,2.51,99.1,69.55,6.54,13.99,164,55,94,6.4,0.14,0.071,16.15,60.24,99.57,33.07,28.04,grapes
Pudukkottai,58.83,59.57,95.71,96.52,65.88,60.43,144,53,289,6.3,1.63,0.0143,14.23,117.81,62.0,20.57,2.6,ragi
Ramanathapuram,28.48,76.54,94.35,90.41,14.38,89.09,139,38,93,5.8,0.21,0.142,11.64,113.1,73.56,43.58,36.4,grapes
Salem,81.74,97.86,99.69,94.17,65.56,58.75,170,71,186,6.1,0.27,0.25,12.14,118.34,39.53,31.18,49.54,pomegranate
Sivaganga,32.34,72.55,68.22,91.59,33.65,56.24,133,15,212,6.4,0.87,0.27,17.31,108.36,29.97,54.07,43.06,pomegranate
Thanjavur,98.9,93.0,99.9,86.9,99.74,38.51,129,81,151,5.6,1.07,0.17,13.47,78.29,80.8,35.74,54.17,mango
The Nilgiris,62.4,67.38,90.73,65.23,34.91,44.96,179,38,71,5.6,2.15,0.11879,19.0,40.7,204.53,23.33,13.65,potato
Theni,33.96,28.28,97.02,49.28,78.35,63.16,173,30,80,6.6,0.86,0.218,28.56,201.84,1495.87,20.65,26.7,mulberry
Thiruvallur,62.94,59.6,90.96,10.85,48.4,65.17,83,31,173,6.0,2.32,0.10183,14.0,41.6,147.19,42.6,17.61,potato
Thiruvarur,57.87,99.09,99.83,89.15,80.76,96.11,177,42,171,5.7,2.23,0.10878,17.0,39.7,254.08,41.96,16.1,potato
Tiruchirappalli,94.56,72.01,99.8,93.39,0.46,99.99,126,31,56,6.2,0.51,0.312,22.32,165.2,302.2,25.99,25.21,mango
Tirunelveli,61.16,86.4,98.38,98.45,58.43,89.4,154,60,68,6.1,0.11,0.03,20.17,89.54,124.37,38.58,25.3,grapes
Tiruppur,89.43,74.75,99.51,65.3,80.83,87.95,165,97,264,6.2,1.72,0.021,15.15,221.98,59.52,25.18,7.34,ragi
Tiruvannamalai,45.72,80.39,96.2,8.97,41.24,68.87,129,52,64,5.6,0.12,0.037,24.73,105.14,114.21,49.74,38.4,grapes
Tuticorin,47.33,30.78,93.44,87.7,59.3,78.83,168,64,206,5.8,0.34,0.18,12.97,76.81,42.61,48.57,31.22,pomegranate
Vellore,68.68,20.77,96.72,38.38,39.62,68.44,161,57,186,5.8,0.93,0.27,9.5,100.99,51.96,43.01,32.55,pomegranate
Villupuram,71.24,38.26,99.32,92.89,14.43,43.35,86,37,181,5.0,1.92,0.09329,20.0,38.9,262.73,21.27,22.84,potato
Virudhunagar,23.35,32.7,83.04,85.94,56.03,75.5,156,79,352,5.8,1.09,0.0188,17.68,89.62,60.98,25.15,1.04,ragi
Adilabad,73.33,74.63,82.7,77.48,79.0,80.41,183,54,261,6.1,1.62,0.0139,14.53,194.71,65.55,25.93,5.5,ragi
BHADRADRI KOTHAGUDEM,37.05,24.54,85.53,50.05,74.51,69.24,171,18,158,5.7,1.82,0.09202,22.0,38.2,97.09,32.59,22.78,potato
HANUMAKONDA,33.18,57.13,92.47,83.62,71.28,91.46,52,38,57,5.1,1.96,0.09078,19.0,38.7,199.95,41.09,16.68,potato
Hyderabad,0.0,0.0,0.0,0.0,0.0,0.0,175,41,81,5.8,0.11,0.093,8.29,74.26,101.88,47.23,39.42,grapes
Jagitial,57.04,59.09,89.39,79.27,59.3,64.26,110,47,93,5.9,0.17,0.029,16.42,142.64,52.27,30.64,40.21,grapes
JANGOAN,31.36,41.6,60.85,57.39,43.01,69.07,149,12,104,6.3,0.73,0.202,30.73,125.1,544.27,22.3,24.89,mulberry
JAYASHANKAR BHUPALAPALLY,21.51,41.63,93.11,89.05,77.77,92.75,131,28,81,6.4,0.11,0.201,26.87,254.4,272.03,25.62,12.87,mulberry
JOGULAMBA GADWAL,56.89,40.57,74.89,45.42,74.5,57.41,120,16,61,6.4,0.55,0.227,18.59,114.46,1492.46,22.12,10.17,mulberry
KAMAREDDY,58.81,48.48,87.65,63.11,82.58,71.75,148,54,79,5.7,0.18,0.022,16.81,88.26,89.39,30.59,49.41,grapes
Karimnagar,72.96,53.0,96.75,79.88,70.97,69.32,139,27,61,6.3,0.75,0.252,16.32,178.81,880.22,27.9,27.37,mulberry
Khammam,37.79,24.67,82.2,57.16,72.34,83.16,132,24,63,6.0,0.29,0.275,19.96,127.98,1061.27,23.48,29.95,mulberry
KUMURAM BHEEM ASIFABAD,73.21,79.11,97.03,91.66,85.19,93.95,136,52,224,5.1,1.85,0.08001,25.0,38.5,288.92,29.84,22.19,potato
MAHABUBABAD,44.39,51.95,89.63,85.13,81.47,89.07,137,95,326,6.3,1.51,0.0147,16.2,225.53,56.78,20.48,1.21,ragi
Mahbubnagar,73.95,63.37,94.86,83.08,82.65,85.89,120,26,79,6.4,0.29,0.202,16.36,267.83,314.9,27.59,20.94,mulberry
MANCHERIAL,56.0,76.72,92.31,94.19,79.92,86.97,172,65,212,6.1,0.61,0.21,12.23,82.96,44.4,20.4,22.27,pomegranate
Medak,45.0,71.49,93.72,97.56,97.6,98.65,85,24,209,5.4,1.84,0.109,20.0,41.1,288.09,29.99,23.58,potato
MEDCHAL MALKAJGIRI,63.64,26.75,91.6,52.0,96.87,74.36,165,46,91,5.1,2.43,0.10672,25.0,40.4,206.23,36.52,20.77,potato
Mulugu,27.53,49.94,92.8,88.76,74.1,96.45,138,68,300,7.7,1.3,0.0119,22.15,89.11,61.58,25.65,7.95,ragi
NAGARKURNOOL,70.66,59.57,81.64,69.89,72.84,83.13,116,70,268,7.2,1.31,0.0119,13.34,227.48,65.72,27.73,2.96,ragi
Nalgonda,70.91,60.17,97.09,81.04,67.61,84.4,66,41,167,5.3,2.03,0.09979,26.0,40.4,252.9,26.52,21.86,potato
NARAYANAPET,76.15,68.56,92.91,82.95,82.77,88.94,176,48,63,6.1,0.22,0.066,17.88,122.45,105.73,39.44,39.19,grapes
Nirmal,78.46,73.8,94.22,84.26,86.39,87.6,126,80,161,5.8,0.74,0.34,14.23,158.95,63.24,47.82,73.14,mango
Nizamabad,64.49,52.31,95.62,65.61,89.71,75.14,176,58,65,6.3,0.11,0.108,24.15,144.58,50.68,48.61,26.21,grapes
PEDDAPALLI,70.6,57.93,97.36,81.41,77.74,70.69,97,83,144,4.7,1.33,0.33,18.13,167.25,57.47,21.4,66.93,mango
RAJANNA SIRCILLA,74.41,66.91,94.52,89.92,74.89,83.66,128,15,239,4.8,2.12,0.10932,30.0,38.6,235.91,48.79,20.73,potato
Rangareddi,77.02,49.29,88.12,73.72,76.72,57.05,157,57,172,5.6,0.52,0.23,9.81,65.34,26.63,54.44,49.59,pomegranate
SANGAREDDY,81.6,75.51,99.11,91.85,95.92,95.7,145,43,89,5.9,0.2,0.126,5.56,84.79,93.06,32.96,47.63,grapes
SIDDIPET,43.12,57.85,95.88,88.17,85.84,89.99,125,73,146,6.1,1.07,0.26,8.41,156.85,54.11,36.71,63.81,mango
SURYAPET,75.69,55.17,97.6,80.97,75.88,88.43,139,55,190,6.3,0.03,0.27,10.61,118.68,50.28,34.29,39.61,pomegranate
VIKARABAD,53.83,54.61,84.07,77.06,80.46,78.02,30,27,133,5.8,2.07,0.11772,15.0,41.1,215.94,30.34,16.63,potato
WANAPARTHY,49.11,52.91,86.53,91.13,63.46,64.37,124,15,68,6.6,0.1,0.299,22.25,271.14,1058.02,28.32,20.89,mulberry
Warangal,58.49,64.64,96.1,91.59,73.12,94.98,108,77,118,4.7,2.33,0.10647,23.0,40.0,266.48,49.23,13.99,potato
YADADRI BHUVANAGIRI,58.18,49.33,94.98,69.95,69.37,76.22,158,10,87,6.2,0.61,0.298,19.12,228.47,1564.44,27.39,12.39,mulberry
Dadra And Nagar Haveli,93.4,98.88,99.95,100.0,100.0,100.0,119,48,89,5.6,0.23,0.097,13.52,66.62,49.53,49.77,43.82,grapes
Daman,97.24,97.7,100.0,99.54,0.0,99.54,118,14,72,6.8,0.2,0.208,24.72,275.89,1307.7,26.92,15.8,mulberry
Diu,46.67,10.67,67.57,56.34,37.33,82.67,167,22,94,5.0,2.46,0.08211,10.0,41.2,119.12,30.45,20.02,potato
Dhalai,78.27,97.53,99.08,97.46,78.85,93.7,102,43,78,5.7,0.14,0.037,12.92,121.0,72.13,47.37,30.51,grapes
Gomati,72.99,99.68,98.66,99.74,79.82,92.54,176,74,175,6.5,0.69,0.23,17.81,87.13,23.95,30.95,43.3,pomegranate
Khowai,78.06,99.22,99.64,97.95,85.18,98.87,146,37,72,6.4,0.18,0.155,20.66,121.27,47.06,47.95,38.34,grapes
North Tripura,72.95,99.46,98.63,98.53,70.43,92.71,155,56,317,5.8,0.82,0.0236,13.51,157.85,57.33,23.7,4.07,ragi
Sepahijala,85.28,98.71,99.7,98.47,88.18,96.29,129,73,252,7.2,1.57,0.0157,12.02,217.22,59.81,27.32,9.44,ragi
South Tripura,82.56,99.07,96.8,96.72,80.82,97.48,132,29,82,6.7,0.2,0.198,25.99,255.99,273.04,25.32,12.85,grapes
Unakoti,78.7,99.64,95.73,99.41,84.11,99.37,163,61,220,7.0,0.5,0.25,8.1,90.4,31.96,40.56,47.76,pomegranate
West Tripura,84.03,97.09,98.7,97.45,81.97,90.97,85,71,146,6.3,0.94,0.23,15.47,112.89,85.97,28.88,50.93,mango
Agra,69.19,51.98,91.49,80.82,80.27,83.88,78,26,185,4.8,2.16,0.11479,10.0,41.2,241.87,21.28,16.25,potato
Aligarh,66.72,70.57,98.22,89.27,57.9,78.7,167,25,194,5.6,0.6,0.15,18.64,85.77,29.01,24.07,15.66,pomegranate
Allahabad,96.7,96.49,99.52,96.81,97.16,77.8,166,20,102,6.5,0.12,0.208,32.49,249.36,790.07,21.33,15.69,mulberry
Ambedkar Nagar,76.45,49.66,92.94,59.99,55.89,59.19,136,52,338,7.7,1.73,0.0138,24.32,212.74,64.86,19.94,8.84,ragi
Amethi,51.3,22.33,97.56,31.09,70.08,36.35,127,11,57,6.4,0.52,0.287,17.75,133.52,912.7,24.84,26.29,mulberry
Amroha,72.01,73.7,90.06,82.13,59.69,57.33,153,60,185,6.3,0.19,0.28,6.86,85.83,69.79,23.61,33.64,pomegranate
Auraiya,90.01,64.8,93.49,95.55,61.48,48.99,133,45,207,6.4,0.94,0.21,8.48,103.1,43.81,68.5,47.29,pomegranate
Ayodhya,57.91,4.17,70.56,35.32,56.78,75.64,101,77,125,6.8,0.65,0.29,12.34,178.23,87.49,26.55,67.57,mango
Azamgarh,36.0,56.23,99.26,96.99,37.29,5.6,121,87,154,5.9,0.53,0.2,14.16,139.46,80.34,31.98,52.64,mango
Baghpat,67.76,57.52,94.73,73.72,88.09,76.97,67,80,136,5.3,1.45,0.11092,21.0,38.9,234.56,30.11,15.83,potato
Bahraich,70.67,77.48,96.98,80.08,65.34,46.17,178,43,95,6.2,0.13,0.109,14.91,131.24,139.98,37.66,48.19,grapes
Ballia,86.73,85.14,99.78,95.95,95.7,27.05,130,73,152,4.9,1.22,0.17,14.82,124.33,81.57,21.44,53.55,mango
Balrampur,97.02,94.0,98.63,97.76,54.41,84.91,173,82,320,6.9,1.54,0.0126,22.74,74.9,59.05,22.71,9.05,ragi
Banda,64.24,27.19,88.12,44.08,45.89,71.36,130,19,107,6.3,0.76,0.268,18.79,188.45,1358.0,25.41,23.14,mulberry
Barabanki,55.48,54.13,85.11,79.67,29.38,45.94,125,44,62,6.2,0.11,0.187,11.89,133.79,120.35,31.75,28.91,grapes
Bareilly,49.02,57.65,93.77,53.71,46.0,60.33,176,12,174,6.6,0.48,0.19,17.53,71.91,41.8,38.42,39.85,pomegranate
Basti,5.01,94.13,99.88,87.94,38.03,26.44,109,72,185,6.1,0.88,0.27,8.99,179.75,65.98,48.29,74.03,mango
BHADOHI,65.4,76.12,94.5,96.62,95.35,59.57,147,96,346,6.3,0.85,0.0121,15.11,206.88,60.28,20.08,4.32,ragi
Bijnor,79.96,64.97,93.86,86.79,64.43,65.72,112,80,245,7.4,0.98,0.0188,15.75,84.14,67.85,27.9,7.23,ragi
Budaun,51.64,57.93,88.56,56.93,49.34,47.34,118,97,369,7.0,1.03,0.0176,12.3,130.77,64.53,18.57,2.16,ragi
Bulandshahr,59.41,54.6,95.86,65.01,89.74,82.46,130,60,254,5.8,1.5,0.0206,15.36,248.97,59.66,29.61,7.38,ragi
Chandauli,21.67,64.7,93.3,89.52,78.24,23.99,167,39,183,6.4,0.58,0.25,5.63,66.23,68.1,27.78,20.73,pomegranate
Chitrakoot,67.42,11.32,91.08,69.69,35.08,90.61,105,38,73,6.1,0.12,0.164,10.85,121.53,52.55,34.12,34.97,grapes
Deoria,58.94,79.83,98.62,89.44,78.29,60.24,179,86,301,7.7,0.84,0.0205,13.76,248.54,59.01,26.88,8.39,ragi
Etah,78.94,77.3,98.6,95.92,73.44,91.23,85,80,131,5.0,1.29,0.34,18.71,51.06,87.68,41.62,70.34,mango
Etawah,89.95,98.18,99.03,99.58,35.46,96.8,114,47,78,6.1,0.14,0.092,19.05,80.38,35.23,36.23,40.41,grapes
Farrukhabad,57.18,70.43,89.7,88.75,43.74,41.93,49,45,90,5.8,1.98,0.09229,19.0,40.2,91.12,32.68,14.91,potato
Fatehpur,91.98,97.68,98.1,97.66,94.29,97.76,108,49,96,6.1,0.22,0.095,6.17,138.31,46.44,47.56,47.76,grapes
Firozabad,40.82,81.62,82.17,94.89,79.08,69.84,145,14,68,6.6,0.71,0.202,21.04,260.73,1454.81,26.85,21.06,mulberry
Gautam Buddha Nagar,84.85,68.56,96.89,87.86,82.32,86.94,150,14,215,6.8,0.39,0.2,14.0,104.99,24.9,67.39,37.16,pomegranate
Ghaziabad,78.64,79.5,96.57,93.11,39.98,83.98,149,37,247,4.6,2.41,0.11576,21.0,39.7,82.56,46.92,21.26,potato
Ghazipur,27.43,63.08,98.85,89.48,43.85,22.53,177,79,214,6.4,0.33,0.28,5.97,98.7,64.64,44.2,10.35,pomegranate
Gonda,93.55,81.11,98.32,82.78,31.68,64.87,112,18,51,6.3,0.31,0.211,22.37,160.55,1206.77,21.8,18.4,mulberry
Gorakhpur,60.28,74.0,98.93,87.4,70.72,66.73,145,84,191,5.1,1.07,0.19,15.6,50.27,64.46,38.88,66.69,mango
Hamirpur,66.38,67.04,94.59,79.97,3.08,73.13,111,74,165,6.8,1.25,0.27,10.98,169.05,50.52,33.8,60.5,mango
Hapur,52.51,65.15,96.17,83.79,68.67,63.04,98,78,179,6.8,1.29,0.17,19.88,190.72,56.17,49.92,62.77,mango
Hardoi,97.91,97.24,89.4,99.24,95.94,61.24,101,32,91,6.1,0.12,0.138,24.13,110.32,51.64,42.05,34.34,grapes
Hathras,75.91,51.21,95.36,90.43,70.0,88.76,173,28,239,5.8,1.45,0.11664,28.0,41.2,125.05,49.7,19.36,potato
Jalaun,77.67,75.09,99.18,91.31,89.15,75.84,152,56,218,6.4,0.37,0.27,14.24,107.55,40.8,65.93,14.53,pomegranate
Jaunpur,62.81,72.25,97.19,93.33,14.89,15.34,172,27,56,6.6,0.72,0.201,27.18,169.37,267.37,21.82,22.44,mulberry
Jhansi,86.45,77.07,98.5,90.78,86.83,85.81,170,40,69,6.1,0.11,0.064,20.62,132.94,57.34,37.02,39.3,grapes
